duration_seconds,duration_minutes,duration_hours,endDate,startDate,start_datetime,start_day,start_month,start_year,start_hour,start_minute,start_time,start_weekday,start_weekday_name,end_datetime,end_day,end_month,end_year,end_hour,end_minute,end_time,end_weekday,end_weekday_name,night_datetime,night,night_day,night_month,night_year,night_weekday,night_weekday_name,months_passed,days_passed
3540,59.0,1.0,2024-06-26T07:45:00.000+02:00,2024-06-26T06:46:00.000+02:00,2024-06-26 06:46:00+02:00,26,6,2024,6,46,06:46,3,Wednesday,2024-06-26 07:45:00+02:00,26,6,2024,7,45,07:45,3,Wednesday,2024-06-25 06:46:00+02:00,2024-06-25,25,6,2024,2,Tuesday,2,25
3271,55.0,0.9,2024-06-26T05:35:43.844+02:00,2024-06-26T04:41:12.649+02:00,2024-06-26 04:41:12.649000+02:00,26,6,2024,4,41,04:41,3,Wednesday,2024-06-26 05:35:43.844000+02:00,26,6,2024,5,35,05:35,3,Wednesday,2024-06-25 04:41:12.649000+02:00,2024-06-25,25,6,2024,2,Tuesday,2,25
2700,45.0,0.8,2024-06-26T04:05:00.000+02:00,2024-06-26T03:20:00.000+02:00,2024-06-26 03:20:00+02:00,26,6,2024,3,20,03:20,3,Wednesday,2024-06-26 04:05:00+02:00,26,6,2024,4,5,04:05,3,Wednesday,2024-06-25 03:20:00+02:00,2024-06-25,25,6,2024,2,Tuesday,2,25
8019,134.0,2.2,2024-06-26T03:10:36.302+02:00,2024-06-26T00:56:56.451+02:00,2024-06-26 00:56:56.451000+02:00,26,6,2024,0,56,00:56,3,Wednesday,2024-06-26 03:10:36.302000+02:00,26,6,2024,3,10,03:10,3,Wednesday,2024-06-25 00:56:56.451000+02:00,2024-06-25,25,6,2024,2,Tuesday,2,25
7589,126.0,2.1,2024-06-26T00:12:19.943+02:00,2024-06-25T22:05:50.762+02:00,2024-06-25 22:05:50.762000+02:00,25,6,2024,22,5,22:05,2,Tuesday,2024-06-26 00:12:19.943000+02:00,26,6,2024,0,12,00:12,3,Wednesday,2024-06-25 22:05:50.762000+02:00,2024-06-25,25,6,2024,2,Tuesday,2,25
10680,178.0,3.0,2024-06-25T05:11:17.594+02:00,2024-06-25T02:13:17.261+02:00,2024-06-25 02:13:17.261000+02:00,25,6,2024,2,13,02:13,2,Tuesday,2024-06-25 05:11:17.594000+02:00,25,6,2024,5,11,05:11,2,Tuesday,2024-06-24 02:13:17.261000+02:00,2024-06-24,24,6,2024,1,Monday,2,24
2700,45.0,0.8,2024-06-25T01:00:00.000+02:00,2024-06-25T00:15:00.000+02:00,2024-06-25 00:15:00+02:00,25,6,2024,0,15,00:15,2,Tuesday,2024-06-25 01:00:00+02:00,25,6,2024,1,0,01:00,2,Tuesday,2024-06-24 00:15:00+02:00,2024-06-24,24,6,2024,1,Monday,2,24
6397,107.0,1.8,2024-06-24T23:55:16.034+02:00,2024-06-24T22:08:38.597+02:00,2024-06-24 22:08:38.597000+02:00,24,6,2024,22,8,22:08,1,Monday,2024-06-24 23:55:16.034000+02:00,24,6,2024,23,55,23:55,1,Monday,2024-06-24 22:08:38.597000+02:00,2024-06-24,24,6,2024,1,Monday,2,24
1740,29.0,0.5,2024-06-24T08:29:00.000+02:00,2024-06-24T08:00:00.000+02:00,2024-06-24 08:00:00+02:00,24,6,2024,8,0,08:00,1,Monday,2024-06-24 08:29:00+02:00,24,6,2024,8,29,08:29,1,Monday,2024-06-23 08:00:00+02:00,2024-06-23,23,6,2024,7,Sunday,2,23
1500,25.0,0.4,2024-06-24T07:25:00.000+02:00,2024-06-24T07:00:00.000+02:00,2024-06-24 07:00:00+02:00,24,6,2024,7,0,07:00,1,Monday,2024-06-24 07:25:00+02:00,24,6,2024,7,25,07:25,1,Monday,2024-06-23 07:00:00+02:00,2024-06-23,23,6,2024,7,Sunday,2,23
8570,143.0,2.4,2024-06-24T01:44:24.717+02:00,2024-06-23T23:21:34.671+02:00,2024-06-23 23:21:34.671000+02:00,23,6,2024,23,21,23:21,7,Sunday,2024-06-24 01:44:24.717000+02:00,24,6,2024,1,44,01:44,1,Monday,2024-06-23 23:21:34.671000+02:00,2024-06-23,23,6,2024,7,Sunday,2,23
4668,78.0,1.3,2024-06-23T22:46:40.112+02:00,2024-06-23T21:28:51.974+02:00,2024-06-23 21:28:51.974000+02:00,23,6,2024,21,28,21:28,7,Sunday,2024-06-23 22:46:40.112000+02:00,23,6,2024,22,46,22:46,7,Sunday,2024-06-23 21:28:51.974000+02:00,2024-06-23,23,6,2024,7,Sunday,2,23
1553,26.0,0.4,2024-06-23T05:23:39.363+02:00,2024-06-23T04:57:46.058+02:00,2024-06-23 04:57:46.058000+02:00,23,6,2024,4,57,04:57,7,Sunday,2024-06-23 05:23:39.363000+02:00,23,6,2024,5,23,05:23,7,Sunday,2024-06-22 04:57:46.058000+02:00,2024-06-22,22,6,2024,6,Saturday,2,22
2224,37.0,0.6,2024-06-23T01:56:35.168+02:00,2024-06-23T01:19:30.376+02:00,2024-06-23 01:19:30.376000+02:00,23,6,2024,1,19,01:19,7,Sunday,2024-06-23 01:56:35.168000+02:00,23,6,2024,1,56,01:56,7,Sunday,2024-06-22 01:19:30.376000+02:00,2024-06-22,22,6,2024,6,Saturday,2,22
6597,110.0,1.8,2024-06-23T00:44:59.919+02:00,2024-06-22T22:55:02.808+02:00,2024-06-22 22:55:02.808000+02:00,22,6,2024,22,55,22:55,6,Saturday,2024-06-23 00:44:59.919000+02:00,23,6,2024,0,44,00:44,7,Sunday,2024-06-22 22:55:02.808000+02:00,2024-06-22,22,6,2024,6,Saturday,2,22
2029,34.0,0.6,2024-06-22T21:59:15.988+02:00,2024-06-22T21:25:26.970+02:00,2024-06-22 21:25:26.970000+02:00,22,6,2024,21,25,21:25,6,Saturday,2024-06-22 21:59:15.988000+02:00,22,6,2024,21,59,21:59,6,Saturday,2024-06-22 21:25:26.970000+02:00,2024-06-22,22,6,2024,6,Saturday,2,22
1149,19.0,0.3,2024-06-22T06:30:50.540+02:00,2024-06-22T06:11:40.840+02:00,2024-06-22 06:11:40.840000+02:00,22,6,2024,6,11,06:11,6,Saturday,2024-06-22 06:30:50.540000+02:00,22,6,2024,6,30,06:30,6,Saturday,2024-06-21 06:11:40.840000+02:00,2024-06-21,21,6,2024,5,Friday,2,21
1827,30.0,0.5,2024-06-22T05:03:34.575+02:00,2024-06-22T04:33:06.989+02:00,2024-06-22 04:33:06.989000+02:00,22,6,2024,4,33,04:33,6,Saturday,2024-06-22 05:03:34.575000+02:00,22,6,2024,5,3,05:03,6,Saturday,2024-06-21 04:33:06.989000+02:00,2024-06-21,21,6,2024,5,Friday,2,21
4404,73.0,1.2,2024-06-22T03:48:11.146+02:00,2024-06-22T02:34:46.345+02:00,2024-06-22 02:34:46.345000+02:00,22,6,2024,2,34,02:34,6,Saturday,2024-06-22 03:48:11.146000+02:00,22,6,2024,3,48,03:48,6,Saturday,2024-06-21 02:34:46.345000+02:00,2024-06-21,21,6,2024,5,Friday,2,21
7689,128.0,2.1,2024-06-22T01:21:45.283+02:00,2024-06-21T23:13:35.837+02:00,2024-06-21 23:13:35.837000+02:00,21,6,2024,23,13,23:13,5,Friday,2024-06-22 01:21:45.283000+02:00,22,6,2024,1,21,01:21,6,Saturday,2024-06-21 23:13:35.837000+02:00,2024-06-21,21,6,2024,5,Friday,2,21
1314,22.0,0.4,2024-06-21T06:58:09.072+02:00,2024-06-21T06:36:14.169+02:00,2024-06-21 06:36:14.169000+02:00,21,6,2024,6,36,06:36,5,Friday,2024-06-21 06:58:09.072000+02:00,21,6,2024,6,58,06:58,5,Friday,2024-06-20 06:36:14.169000+02:00,2024-06-20,20,6,2024,4,Thursday,2,20
5044,84.0,1.4,2024-06-21T05:47:27.867+02:00,2024-06-21T04:23:23.713+02:00,2024-06-21 04:23:23.713000+02:00,21,6,2024,4,23,04:23,5,Friday,2024-06-21 05:47:27.867000+02:00,21,6,2024,5,47,05:47,5,Friday,2024-06-20 04:23:23.713000+02:00,2024-06-20,20,6,2024,4,Thursday,2,20
3600,60.0,1.0,2024-06-21T03:15:00.000+02:00,2024-06-21T02:15:00.000+02:00,2024-06-21 02:15:00+02:00,21,6,2024,2,15,02:15,5,Friday,2024-06-21 03:15:00+02:00,21,6,2024,3,15,03:15,5,Friday,2024-06-20 02:15:00+02:00,2024-06-20,20,6,2024,4,Thursday,2,20
4675,78.0,1.3,2024-06-21T01:56:44.460+02:00,2024-06-21T00:38:49.069+02:00,2024-06-21 00:38:49.069000+02:00,21,6,2024,0,38,00:38,5,Friday,2024-06-21 01:56:44.460000+02:00,21,6,2024,1,56,01:56,5,Friday,2024-06-20 00:38:49.069000+02:00,2024-06-20,20,6,2024,4,Thursday,2,20
6097,102.0,1.7,2024-06-20T23:55:02.668+02:00,2024-06-20T22:13:25.306+02:00,2024-06-20 22:13:25.306000+02:00,20,6,2024,22,13,22:13,4,Thursday,2024-06-20 23:55:02.668000+02:00,20,6,2024,23,55,23:55,4,Thursday,2024-06-20 22:13:25.306000+02:00,2024-06-20,20,6,2024,4,Thursday,2,20
1740,29.0,0.5,2024-06-20T05:30:00.000+02:00,2024-06-20T05:01:00.000+02:00,2024-06-20 05:01:00+02:00,20,6,2024,5,1,05:01,4,Thursday,2024-06-20 05:30:00+02:00,20,6,2024,5,30,05:30,4,Thursday,2024-06-19 05:01:00+02:00,2024-06-19,19,6,2024,3,Wednesday,2,19
2229,37.0,0.6,2024-06-20T04:42:08.364+02:00,2024-06-20T04:04:58.467+02:00,2024-06-20 04:04:58.467000+02:00,20,6,2024,4,4,04:04,4,Thursday,2024-06-20 04:42:08.364000+02:00,20,6,2024,4,42,04:42,4,Thursday,2024-06-19 04:04:58.467000+02:00,2024-06-19,19,6,2024,3,Wednesday,2,19
4790,80.0,1.3,2024-06-20T03:13:30.293+02:00,2024-06-20T01:53:39.732+02:00,2024-06-20 01:53:39.732000+02:00,20,6,2024,1,53,01:53,4,Thursday,2024-06-20 03:13:30.293000+02:00,20,6,2024,3,13,03:13,4,Thursday,2024-06-19 01:53:39.732000+02:00,2024-06-19,19,6,2024,3,Wednesday,2,19
7860,131.0,2.2,2024-06-20T01:21:00.000+02:00,2024-06-19T23:10:00.000+02:00,2024-06-19 23:10:00+02:00,19,6,2024,23,10,23:10,3,Wednesday,2024-06-20 01:21:00+02:00,20,6,2024,1,21,01:21,4,Thursday,2024-06-19 23:10:00+02:00,2024-06-19,19,6,2024,3,Wednesday,2,19
3360,56.0,0.9,2024-06-19T07:50:00.000+02:00,2024-06-19T06:54:00.000+02:00,2024-06-19 06:54:00+02:00,19,6,2024,6,54,06:54,3,Wednesday,2024-06-19 07:50:00+02:00,19,6,2024,7,50,07:50,3,Wednesday,2024-06-18 06:54:00+02:00,2024-06-18,18,6,2024,2,Tuesday,2,18
3714,62.0,1.0,2024-06-19T06:40:35.660+02:00,2024-06-19T05:38:41.503+02:00,2024-06-19 05:38:41.503000+02:00,19,6,2024,5,38,05:38,3,Wednesday,2024-06-19 06:40:35.660000+02:00,19,6,2024,6,40,06:40,3,Wednesday,2024-06-18 05:38:41.503000+02:00,2024-06-18,18,6,2024,2,Tuesday,2,18
9965,166.0,2.8,2024-06-19T03:53:15.635+02:00,2024-06-19T01:07:10.158+02:00,2024-06-19 01:07:10.158000+02:00,19,6,2024,1,7,01:07,3,Wednesday,2024-06-19 03:53:15.635000+02:00,19,6,2024,3,53,03:53,3,Wednesday,2024-06-18 01:07:10.158000+02:00,2024-06-18,18,6,2024,2,Tuesday,2,18
6657,111.0,1.8,2024-06-19T00:34:58.141+02:00,2024-06-18T22:44:00.314+02:00,2024-06-18 22:44:00.314000+02:00,18,6,2024,22,44,22:44,2,Tuesday,2024-06-19 00:34:58.141000+02:00,19,6,2024,0,34,00:34,3,Wednesday,2024-06-18 22:44:00.314000+02:00,2024-06-18,18,6,2024,2,Tuesday,2,18
3049,51.0,0.8,2024-06-18T06:27:25.049+02:00,2024-06-18T05:36:35.512+02:00,2024-06-18 05:36:35.512000+02:00,18,6,2024,5,36,05:36,2,Tuesday,2024-06-18 06:27:25.049000+02:00,18,6,2024,6,27,06:27,2,Tuesday,2024-06-17 05:36:35.512000+02:00,2024-06-17,17,6,2024,1,Monday,2,17
1860,31.0,0.5,2024-06-18T04:43:48.174+02:00,2024-06-18T04:12:47.596+02:00,2024-06-18 04:12:47.596000+02:00,18,6,2024,4,12,04:12,2,Tuesday,2024-06-18 04:43:48.174000+02:00,18,6,2024,4,43,04:43,2,Tuesday,2024-06-17 04:12:47.596000+02:00,2024-06-17,17,6,2024,1,Monday,2,17
1920,32.0,0.5,2024-06-18T03:37:00.000+02:00,2024-06-18T03:05:00.000+02:00,2024-06-18 03:05:00+02:00,18,6,2024,3,5,03:05,2,Tuesday,2024-06-18 03:37:00+02:00,18,6,2024,3,37,03:37,2,Tuesday,2024-06-17 03:05:00+02:00,2024-06-17,17,6,2024,1,Monday,2,17
2850,48.0,0.8,2024-06-18T02:24:17.397+02:00,2024-06-18T01:36:47.207+02:00,2024-06-18 01:36:47.207000+02:00,18,6,2024,1,36,01:36,2,Tuesday,2024-06-18 02:24:17.397000+02:00,18,6,2024,2,24,02:24,2,Tuesday,2024-06-17 01:36:47.207000+02:00,2024-06-17,17,6,2024,1,Monday,2,17
5578,93.0,1.5,2024-06-18T00:31:00.283+02:00,2024-06-17T22:58:01.390+02:00,2024-06-17 22:58:01.390000+02:00,17,6,2024,22,58,22:58,1,Monday,2024-06-18 00:31:00.283000+02:00,18,6,2024,0,31,00:31,2,Tuesday,2024-06-17 22:58:01.390000+02:00,2024-06-17,17,6,2024,1,Monday,2,17
3072,51.0,0.9,2024-06-17T08:23:48.472+02:00,2024-06-17T07:32:35.902+02:00,2024-06-17 07:32:35.902000+02:00,17,6,2024,7,32,07:32,1,Monday,2024-06-17 08:23:48.472000+02:00,17,6,2024,8,23,08:23,1,Monday,2024-06-16 07:32:35.902000+02:00,2024-06-16,16,6,2024,7,Sunday,2,16
1403,23.0,0.4,2024-06-17T05:26:19.758+02:00,2024-06-17T05:02:56.221+02:00,2024-06-17 05:02:56.221000+02:00,17,6,2024,5,2,05:02,1,Monday,2024-06-17 05:26:19.758000+02:00,17,6,2024,5,26,05:26,1,Monday,2024-06-16 05:02:56.221000+02:00,2024-06-16,16,6,2024,7,Sunday,2,16
4830,80.0,1.3,2024-06-17T04:25:37.943+02:00,2024-06-17T03:05:07.889+02:00,2024-06-17 03:05:07.889000+02:00,17,6,2024,3,5,03:05,1,Monday,2024-06-17 04:25:37.943000+02:00,17,6,2024,4,25,04:25,1,Monday,2024-06-16 03:05:07.889000+02:00,2024-06-16,16,6,2024,7,Sunday,2,16
6442,107.0,1.8,2024-06-17T02:16:15.365+02:00,2024-06-17T00:28:52.902+02:00,2024-06-17 00:28:52.902000+02:00,17,6,2024,0,28,00:28,1,Monday,2024-06-17 02:16:15.365000+02:00,17,6,2024,2,16,02:16,1,Monday,2024-06-16 00:28:52.902000+02:00,2024-06-16,16,6,2024,7,Sunday,2,16
7162,119.0,2.0,2024-06-16T23:51:05.558+02:00,2024-06-16T21:51:42.722+02:00,2024-06-16 21:51:42.722000+02:00,16,6,2024,21,51,21:51,7,Sunday,2024-06-16 23:51:05.558000+02:00,16,6,2024,23,51,23:51,7,Sunday,2024-06-16 21:51:42.722000+02:00,2024-06-16,16,6,2024,7,Sunday,2,16
1319,22.0,0.4,2024-06-16T07:12:05.853+02:00,2024-06-16T06:50:06.225+02:00,2024-06-16 06:50:06.225000+02:00,16,6,2024,6,50,06:50,7,Sunday,2024-06-16 07:12:05.853000+02:00,16,6,2024,7,12,07:12,7,Sunday,2024-06-15 06:50:06.225000+02:00,2024-06-15,15,6,2024,6,Saturday,2,15
3446,57.0,1.0,2024-06-16T04:27:59.128+02:00,2024-06-16T03:30:32.996+02:00,2024-06-16 03:30:32.996000+02:00,16,6,2024,3,30,03:30,7,Sunday,2024-06-16 04:27:59.128000+02:00,16,6,2024,4,27,04:27,7,Sunday,2024-06-15 03:30:32.996000+02:00,2024-06-15,15,6,2024,6,Saturday,2,15
15927,265.0,4.4,2024-06-16T02:51:00.208+02:00,2024-06-15T22:25:32.811+02:00,2024-06-15 22:25:32.811000+02:00,15,6,2024,22,25,22:25,6,Saturday,2024-06-16 02:51:00.208000+02:00,16,6,2024,2,51,02:51,7,Sunday,2024-06-15 22:25:32.811000+02:00,2024-06-15,15,6,2024,6,Saturday,2,15
3974,66.0,1.1,2024-06-15T07:24:42.399+02:00,2024-06-15T06:18:27.426+02:00,2024-06-15 06:18:27.426000+02:00,15,6,2024,6,18,06:18,6,Saturday,2024-06-15 07:24:42.399000+02:00,15,6,2024,7,24,07:24,6,Saturday,2024-06-14 06:18:27.426000+02:00,2024-06-14,14,6,2024,5,Friday,2,14
6115,102.0,1.7,2024-06-15T04:25:07.229+02:00,2024-06-15T02:43:11.963+02:00,2024-06-15 02:43:11.963000+02:00,15,6,2024,2,43,02:43,6,Saturday,2024-06-15 04:25:07.229000+02:00,15,6,2024,4,25,04:25,6,Saturday,2024-06-14 02:43:11.963000+02:00,2024-06-14,14,6,2024,5,Friday,2,14
13760,229.0,3.8,2024-06-15T02:03:32.356+02:00,2024-06-14T22:14:12.185+02:00,2024-06-14 22:14:12.185000+02:00,14,6,2024,22,14,22:14,5,Friday,2024-06-15 02:03:32.356000+02:00,15,6,2024,2,3,02:03,6,Saturday,2024-06-14 22:14:12.185000+02:00,2024-06-14,14,6,2024,5,Friday,2,14
5317,89.0,1.5,2024-06-14T06:29:03.579+02:00,2024-06-14T05:00:25.699+02:00,2024-06-14 05:00:25.699000+02:00,14,6,2024,5,0,05:00,5,Friday,2024-06-14 06:29:03.579000+02:00,14,6,2024,6,29,06:29,5,Friday,2024-06-13 05:00:25.699000+02:00,2024-06-13,13,6,2024,4,Thursday,2,13
5547,92.0,1.5,2024-06-14T04:18:40.186+02:00,2024-06-14T02:46:12.669+02:00,2024-06-14 02:46:12.669000+02:00,14,6,2024,2,46,02:46,5,Friday,2024-06-14 04:18:40.186000+02:00,14,6,2024,4,18,04:18,5,Friday,2024-06-13 02:46:12.669000+02:00,2024-06-13,13,6,2024,4,Thursday,2,13
13389,223.0,3.7,2024-06-14T02:06:00.402+02:00,2024-06-13T22:22:50.700+02:00,2024-06-13 22:22:50.700000+02:00,13,6,2024,22,22,22:22,4,Thursday,2024-06-14 02:06:00.402000+02:00,14,6,2024,2,6,02:06,5,Friday,2024-06-13 22:22:50.700000+02:00,2024-06-13,13,6,2024,4,Thursday,2,13
4637,77.0,1.3,2024-06-13T05:08:21.548+02:00,2024-06-13T03:51:04.463+02:00,2024-06-13 03:51:04.463000+02:00,13,6,2024,3,51,03:51,4,Thursday,2024-06-13 05:08:21.548000+02:00,13,6,2024,5,8,05:08,4,Thursday,2024-06-12 03:51:04.463000+02:00,2024-06-12,12,6,2024,3,Wednesday,2,12
840,14.0,0.2,2024-06-13T03:30:00.000+02:00,2024-06-13T03:16:00.000+02:00,2024-06-13 03:16:00+02:00,13,6,2024,3,16,03:16,4,Thursday,2024-06-13 03:30:00+02:00,13,6,2024,3,30,03:30,4,Thursday,2024-06-12 03:16:00+02:00,2024-06-12,12,6,2024,3,Wednesday,2,12
1524,25.0,0.4,2024-06-13T02:18:27.666+02:00,2024-06-13T01:53:03.115+02:00,2024-06-13 01:53:03.115000+02:00,13,6,2024,1,53,01:53,4,Thursday,2024-06-13 02:18:27.666000+02:00,13,6,2024,2,18,02:18,4,Thursday,2024-06-12 01:53:03.115000+02:00,2024-06-12,12,6,2024,3,Wednesday,2,12
5597,93.0,1.6,2024-06-13T00:48:39.283+02:00,2024-06-12T23:15:21.314+02:00,2024-06-12 23:15:21.314000+02:00,12,6,2024,23,15,23:15,3,Wednesday,2024-06-13 00:48:39.283000+02:00,13,6,2024,0,48,00:48,4,Thursday,2024-06-12 23:15:21.314000+02:00,2024-06-12,12,6,2024,3,Wednesday,2,12
2466,41.0,0.7,2024-06-12T22:39:11.906+02:00,2024-06-12T21:58:05.662+02:00,2024-06-12 21:58:05.662000+02:00,12,6,2024,21,58,21:58,3,Wednesday,2024-06-12 22:39:11.906000+02:00,12,6,2024,22,39,22:39,3,Wednesday,2024-06-12 21:58:05.662000+02:00,2024-06-12,12,6,2024,3,Wednesday,2,12
1800,30.0,0.5,2024-06-12T06:30:00.000+02:00,2024-06-12T06:00:00.000+02:00,2024-06-12 06:00:00+02:00,12,6,2024,6,0,06:00,3,Wednesday,2024-06-12 06:30:00+02:00,12,6,2024,6,30,06:30,3,Wednesday,2024-06-11 06:00:00+02:00,2024-06-11,11,6,2024,2,Tuesday,2,11
1800,30.0,0.5,2024-06-12T05:15:00.000+02:00,2024-06-12T04:45:00.000+02:00,2024-06-12 04:45:00+02:00,12,6,2024,4,45,04:45,3,Wednesday,2024-06-12 05:15:00+02:00,12,6,2024,5,15,05:15,3,Wednesday,2024-06-11 04:45:00+02:00,2024-06-11,11,6,2024,2,Tuesday,2,11
1977,33.0,0.5,2024-06-12T02:30:20.112+02:00,2024-06-12T01:57:22.689+02:00,2024-06-12 01:57:22.689000+02:00,12,6,2024,1,57,01:57,3,Wednesday,2024-06-12 02:30:20.112000+02:00,12,6,2024,2,30,02:30,3,Wednesday,2024-06-11 01:57:22.689000+02:00,2024-06-11,11,6,2024,2,Tuesday,2,11
4361,73.0,1.2,2024-06-11T22:34:21.160+02:00,2024-06-11T21:21:39.896+02:00,2024-06-11 21:21:39.896000+02:00,11,6,2024,21,21,21:21,2,Tuesday,2024-06-11 22:34:21.160000+02:00,11,6,2024,22,34,22:34,2,Tuesday,2024-06-11 21:21:39.896000+02:00,2024-06-11,11,6,2024,2,Tuesday,2,11
1800,30.0,0.5,2024-06-11T05:30:00.000+02:00,2024-06-11T05:00:00.000+02:00,2024-06-11 05:00:00+02:00,11,6,2024,5,0,05:00,2,Tuesday,2024-06-11 05:30:00+02:00,11,6,2024,5,30,05:30,2,Tuesday,2024-06-10 05:00:00+02:00,2024-06-10,10,6,2024,1,Monday,2,10
7490,125.0,2.1,2024-06-11T04:16:09.210+02:00,2024-06-11T02:11:18.832+02:00,2024-06-11 02:11:18.832000+02:00,11,6,2024,2,11,02:11,2,Tuesday,2024-06-11 04:16:09.210000+02:00,11,6,2024,4,16,04:16,2,Tuesday,2024-06-10 02:11:18.832000+02:00,2024-06-10,10,6,2024,1,Monday,2,10
8323,139.0,2.3,2024-06-11T00:26:04.462+02:00,2024-06-10T22:07:20.737+02:00,2024-06-10 22:07:20.737000+02:00,10,6,2024,22,7,22:07,1,Monday,2024-06-11 00:26:04.462000+02:00,11,6,2024,0,26,00:26,2,Tuesday,2024-06-10 22:07:20.737000+02:00,2024-06-10,10,6,2024,1,Monday,2,10
1500,25.0,0.4,2024-06-10T07:30:00.000+02:00,2024-06-10T07:05:00.000+02:00,2024-06-10 07:05:00+02:00,10,6,2024,7,5,07:05,1,Monday,2024-06-10 07:30:00+02:00,10,6,2024,7,30,07:30,1,Monday,2024-06-09 07:05:00+02:00,2024-06-09,9,6,2024,7,Sunday,2,9
3227,54.0,0.9,2024-06-10T06:58:41.514+02:00,2024-06-10T06:04:53.553+02:00,2024-06-10 06:04:53.553000+02:00,10,6,2024,6,4,06:04,1,Monday,2024-06-10 06:58:41.514000+02:00,10,6,2024,6,58,06:58,1,Monday,2024-06-09 06:04:53.553000+02:00,2024-06-09,9,6,2024,7,Sunday,2,9
4451,74.0,1.2,2024-06-10T04:43:43.447+02:00,2024-06-10T03:29:32.176+02:00,2024-06-10 03:29:32.176000+02:00,10,6,2024,3,29,03:29,1,Monday,2024-06-10 04:43:43.447000+02:00,10,6,2024,4,43,04:43,1,Monday,2024-06-09 03:29:32.176000+02:00,2024-06-09,9,6,2024,7,Sunday,2,9
7497,125.0,2.1,2024-06-10T02:51:50.338+02:00,2024-06-10T00:46:53.228+02:00,2024-06-10 00:46:53.228000+02:00,10,6,2024,0,46,00:46,1,Monday,2024-06-10 02:51:50.338000+02:00,10,6,2024,2,51,02:51,1,Monday,2024-06-09 00:46:53.228000+02:00,2024-06-09,9,6,2024,7,Sunday,2,9
5062,84.0,1.4,2024-06-09T23:50:59.174+02:00,2024-06-09T22:26:36.946+02:00,2024-06-09 22:26:36.946000+02:00,9,6,2024,22,26,22:26,7,Sunday,2024-06-09 23:50:59.174000+02:00,9,6,2024,23,50,23:50,7,Sunday,2024-06-09 22:26:36.946000+02:00,2024-06-09,9,6,2024,7,Sunday,2,9
2170,36.0,0.6,2024-06-09T05:33:22.364+02:00,2024-06-09T04:57:11.793+02:00,2024-06-09 04:57:11.793000+02:00,9,6,2024,4,57,04:57,7,Sunday,2024-06-09 05:33:22.364000+02:00,9,6,2024,5,33,05:33,7,Sunday,2024-06-08 04:57:11.793000+02:00,2024-06-08,8,6,2024,6,Saturday,2,8
7955,133.0,2.2,2024-06-09T04:55:56.903+02:00,2024-06-09T02:43:21.110+02:00,2024-06-09 02:43:21.110000+02:00,9,6,2024,2,43,02:43,7,Sunday,2024-06-09 04:55:56.903000+02:00,9,6,2024,4,55,04:55,7,Sunday,2024-06-08 02:43:21.110000+02:00,2024-06-08,8,6,2024,6,Saturday,2,8
7862,131.0,2.2,2024-06-09T02:14:22.077+02:00,2024-06-09T00:03:19.583+02:00,2024-06-09 00:03:19.583000+02:00,9,6,2024,0,3,00:03,7,Sunday,2024-06-09 02:14:22.077000+02:00,9,6,2024,2,14,02:14,7,Sunday,2024-06-08 00:03:19.583000+02:00,2024-06-08,8,6,2024,6,Saturday,2,8
4575,76.0,1.3,2024-06-08T23:27:20.768+02:00,2024-06-08T22:11:04.972+02:00,2024-06-08 22:11:04.972000+02:00,8,6,2024,22,11,22:11,6,Saturday,2024-06-08 23:27:20.768000+02:00,8,6,2024,23,27,23:27,6,Saturday,2024-06-08 22:11:04.972000+02:00,2024-06-08,8,6,2024,6,Saturday,2,8
3671,61.0,1.0,2024-06-08T06:23:05.782+02:00,2024-06-08T05:21:54.058+02:00,2024-06-08 05:21:54.058000+02:00,8,6,2024,5,21,05:21,6,Saturday,2024-06-08 06:23:05.782000+02:00,8,6,2024,6,23,06:23,6,Saturday,2024-06-07 05:21:54.058000+02:00,2024-06-07,7,6,2024,5,Friday,2,7
3900,65.0,1.1,2024-06-08T04:50:00.000+02:00,2024-06-08T03:45:00.000+02:00,2024-06-08 03:45:00+02:00,8,6,2024,3,45,03:45,6,Saturday,2024-06-08 04:50:00+02:00,8,6,2024,4,50,04:50,6,Saturday,2024-06-07 03:45:00+02:00,2024-06-07,7,6,2024,5,Friday,2,7
5431,91.0,1.5,2024-06-08T03:27:56.127+02:00,2024-06-08T01:57:25.071+02:00,2024-06-08 01:57:25.071000+02:00,8,6,2024,1,57,01:57,6,Saturday,2024-06-08 03:27:56.127000+02:00,8,6,2024,3,27,03:27,6,Saturday,2024-06-07 01:57:25.071000+02:00,2024-06-07,7,6,2024,5,Friday,2,7
10203,170.0,2.8,2024-06-08T01:15:34.607+02:00,2024-06-07T22:25:30.993+02:00,2024-06-07 22:25:30.993000+02:00,7,6,2024,22,25,22:25,5,Friday,2024-06-08 01:15:34.607000+02:00,8,6,2024,1,15,01:15,6,Saturday,2024-06-07 22:25:30.993000+02:00,2024-06-07,7,6,2024,5,Friday,2,7
7196,120.0,2.0,2024-06-07T03:50:57.445+02:00,2024-06-07T01:51:00.851+02:00,2024-06-07 01:51:00.851000+02:00,7,6,2024,1,51,01:51,5,Friday,2024-06-07 03:50:57.445000+02:00,7,6,2024,3,50,03:50,5,Friday,2024-06-06 01:51:00.851000+02:00,2024-06-06,6,6,2024,4,Thursday,2,6
15025,250.0,4.2,2024-06-07T01:15:09.629+02:00,2024-06-06T21:04:44.169+02:00,2024-06-06 21:04:44.169000+02:00,6,6,2024,21,4,21:04,4,Thursday,2024-06-07 01:15:09.629000+02:00,7,6,2024,1,15,01:15,5,Friday,2024-06-06 21:04:44.169000+02:00,2024-06-06,6,6,2024,4,Thursday,2,6
5850,98.0,1.6,2024-06-06T05:36:50.439+02:00,2024-06-06T03:59:19.726+02:00,2024-06-06 03:59:19.726000+02:00,6,6,2024,3,59,03:59,4,Thursday,2024-06-06 05:36:50.439000+02:00,6,6,2024,5,36,05:36,4,Thursday,2024-06-05 03:59:19.726000+02:00,2024-06-05,5,6,2024,3,Wednesday,2,5
7351,123.0,2.0,2024-06-06T03:27:23.961+02:00,2024-06-06T01:24:52.059+02:00,2024-06-06 01:24:52.059000+02:00,6,6,2024,1,24,01:24,4,Thursday,2024-06-06 03:27:23.961000+02:00,6,6,2024,3,27,03:27,4,Thursday,2024-06-05 01:24:52.059000+02:00,2024-06-05,5,6,2024,3,Wednesday,2,5
10273,171.0,2.9,2024-06-06T00:49:49.968+02:00,2024-06-05T21:58:36.202+02:00,2024-06-05 21:58:36.202000+02:00,5,6,2024,21,58,21:58,3,Wednesday,2024-06-06 00:49:49.968000+02:00,6,6,2024,0,49,00:49,4,Thursday,2024-06-05 21:58:36.202000+02:00,2024-06-05,5,6,2024,3,Wednesday,2,5
3300,55.0,0.9,2024-06-05T08:00:00.000+02:00,2024-06-05T07:05:00.000+02:00,2024-06-05 07:05:00+02:00,5,6,2024,7,5,07:05,3,Wednesday,2024-06-05 08:00:00+02:00,5,6,2024,8,0,08:00,3,Wednesday,2024-06-04 07:05:00+02:00,2024-06-04,4,6,2024,2,Tuesday,2,4
1321,22.0,0.4,2024-06-05T06:13:29.438+02:00,2024-06-05T05:51:27.639+02:00,2024-06-05 05:51:27.639000+02:00,5,6,2024,5,51,05:51,3,Wednesday,2024-06-05 06:13:29.438000+02:00,5,6,2024,6,13,06:13,3,Wednesday,2024-06-04 05:51:27.639000+02:00,2024-06-04,4,6,2024,2,Tuesday,2,4
3300,55.0,0.9,2024-06-05T04:25:00.000+02:00,2024-06-05T03:30:00.000+02:00,2024-06-05 03:30:00+02:00,5,6,2024,3,30,03:30,3,Wednesday,2024-06-05 04:25:00+02:00,5,6,2024,4,25,04:25,3,Wednesday,2024-06-04 03:30:00+02:00,2024-06-04,4,6,2024,2,Tuesday,2,4
6328,105.0,1.8,2024-06-05T02:50:54.062+02:00,2024-06-05T01:05:25.936+02:00,2024-06-05 01:05:25.936000+02:00,5,6,2024,1,5,01:05,3,Wednesday,2024-06-05 02:50:54.062000+02:00,5,6,2024,2,50,02:50,3,Wednesday,2024-06-04 01:05:25.936000+02:00,2024-06-04,4,6,2024,2,Tuesday,2,4
6314,105.0,1.8,2024-06-05T00:27:34.767+02:00,2024-06-04T22:42:20.380+02:00,2024-06-04 22:42:20.380000+02:00,4,6,2024,22,42,22:42,2,Tuesday,2024-06-05 00:27:34.767000+02:00,5,6,2024,0,27,00:27,3,Wednesday,2024-06-04 22:42:20.380000+02:00,2024-06-04,4,6,2024,2,Tuesday,2,4
4786,80.0,1.3,2024-06-04T05:07:43.784+02:00,2024-06-04T03:47:56.817+02:00,2024-06-04 03:47:56.817000+02:00,4,6,2024,3,47,03:47,2,Tuesday,2024-06-04 05:07:43.784000+02:00,4,6,2024,5,7,05:07,2,Tuesday,2024-06-03 03:47:56.817000+02:00,2024-06-03,3,6,2024,1,Monday,2,3
3946,66.0,1.1,2024-06-04T03:10:58.344+02:00,2024-06-04T02:05:11.943+02:00,2024-06-04 02:05:11.943000+02:00,4,6,2024,2,5,02:05,2,Tuesday,2024-06-04 03:10:58.344000+02:00,4,6,2024,3,10,03:10,2,Tuesday,2024-06-03 02:05:11.943000+02:00,2024-06-03,3,6,2024,1,Monday,2,3
11142,186.0,3.1,2024-06-04T01:29:18.873+02:00,2024-06-03T22:23:36.726+02:00,2024-06-03 22:23:36.726000+02:00,3,6,2024,22,23,22:23,1,Monday,2024-06-04 01:29:18.873000+02:00,4,6,2024,1,29,01:29,2,Tuesday,2024-06-03 22:23:36.726000+02:00,2024-06-03,3,6,2024,1,Monday,2,3
2227,37.0,0.6,2024-06-03T05:42:44.164+02:00,2024-06-03T05:05:37.152+02:00,2024-06-03 05:05:37.152000+02:00,3,6,2024,5,5,05:05,1,Monday,2024-06-03 05:42:44.164000+02:00,3,6,2024,5,42,05:42,1,Monday,2024-06-02 05:05:37.152000+02:00,2024-06-02,2,6,2024,7,Sunday,2,2
9000,150.0,2.5,2024-06-03T04:00:00.000+02:00,2024-06-03T01:30:00.000+02:00,2024-06-03 01:30:00+02:00,3,6,2024,1,30,01:30,1,Monday,2024-06-03 04:00:00+02:00,3,6,2024,4,0,04:00,1,Monday,2024-06-02 01:30:00+02:00,2024-06-02,2,6,2024,7,Sunday,2,2
7635,127.0,2.1,2024-06-03T00:57:11.337+02:00,2024-06-02T22:49:55.606+02:00,2024-06-02 22:49:55.606000+02:00,2,6,2024,22,49,22:49,7,Sunday,2024-06-03 00:57:11.337000+02:00,3,6,2024,0,57,00:57,1,Monday,2024-06-02 22:49:55.606000+02:00,2024-06-02,2,6,2024,7,Sunday,2,2
3779,63.0,1.0,2024-06-02T04:48:09.045+02:00,2024-06-02T03:45:09.281+02:00,2024-06-02 03:45:09.281000+02:00,2,6,2024,3,45,03:45,7,Sunday,2024-06-02 04:48:09.045000+02:00,2,6,2024,4,48,04:48,7,Sunday,2024-06-01 03:45:09.281000+02:00,2024-06-01,1,6,2024,6,Saturday,2,1
5865,98.0,1.6,2024-06-02T02:56:35.408+02:00,2024-06-02T01:18:49.651+02:00,2024-06-02 01:18:49.651000+02:00,2,6,2024,1,18,01:18,7,Sunday,2024-06-02 02:56:35.408000+02:00,2,6,2024,2,56,02:56,7,Sunday,2024-06-01 01:18:49.651000+02:00,2024-06-01,1,6,2024,6,Saturday,2,1
10926,182.0,3.0,2024-06-02T00:32:01.947+02:00,2024-06-01T21:29:55.441+02:00,2024-06-01 21:29:55.441000+02:00,1,6,2024,21,29,21:29,6,Saturday,2024-06-02 00:32:01.947000+02:00,2,6,2024,0,32,00:32,7,Sunday,2024-06-01 21:29:55.441000+02:00,2024-06-01,1,6,2024,6,Saturday,2,1
4056,68.0,1.1,2024-06-01T05:46:19.488+02:00,2024-06-01T04:38:42.839+02:00,2024-06-01 04:38:42.839000+02:00,1,6,2024,4,38,04:38,6,Saturday,2024-06-01 05:46:19.488000+02:00,1,6,2024,5,46,05:46,6,Saturday,2024-05-31 04:38:42.839000+02:00,2024-05-31,31,5,2024,5,Friday,2,0
10224,170.0,2.8,2024-06-01T03:51:25.376+02:00,2024-06-01T01:01:01.295+02:00,2024-06-01 01:01:01.295000+02:00,1,6,2024,1,1,01:01,6,Saturday,2024-06-01 03:51:25.376000+02:00,1,6,2024,3,51,03:51,6,Saturday,2024-05-31 01:01:01.295000+02:00,2024-05-31,31,5,2024,5,Friday,2,0
8998,150.0,2.5,2024-06-01T00:07:19.021+02:00,2024-05-31T21:37:20.767+02:00,2024-05-31 21:37:20.767000+02:00,31,5,2024,21,37,21:37,5,Friday,2024-06-01 00:07:19.021000+02:00,1,6,2024,0,7,00:07,6,Saturday,2024-05-31 21:37:20.767000+02:00,2024-05-31,31,5,2024,5,Friday,2,0
2208,37.0,0.6,2024-05-31T04:57:15.382+02:00,2024-05-31T04:20:26.467+02:00,2024-05-31 04:20:26.467000+02:00,31,5,2024,4,20,04:20,5,Friday,2024-05-31 04:57:15.382000+02:00,31,5,2024,4,57,04:57,5,Friday,2024-05-30 04:20:26.467000+02:00,2024-05-30,30,5,2024,4,Thursday,1,29
9371,156.0,2.6,2024-05-31T03:42:38.140+02:00,2024-05-31T01:06:26.444+02:00,2024-05-31 01:06:26.444000+02:00,31,5,2024,1,6,01:06,5,Friday,2024-05-31 03:42:38.140000+02:00,31,5,2024,3,42,03:42,5,Friday,2024-05-30 01:06:26.444000+02:00,2024-05-30,30,5,2024,4,Thursday,1,29
3213,54.0,0.9,2024-05-31T00:36:09.242+02:00,2024-05-30T23:42:35.432+02:00,2024-05-30 23:42:35.432000+02:00,30,5,2024,23,42,23:42,4,Thursday,2024-05-31 00:36:09.242000+02:00,31,5,2024,0,36,00:36,5,Friday,2024-05-30 23:42:35.432000+02:00,2024-05-30,30,5,2024,4,Thursday,2,0
5599,93.0,1.6,2024-05-30T23:42:18.605+02:00,2024-05-30T22:08:58.960+02:00,2024-05-30 22:08:58.960000+02:00,30,5,2024,22,8,22:08,4,Thursday,2024-05-30 23:42:18.605000+02:00,30,5,2024,23,42,23:42,4,Thursday,2024-05-30 22:08:58.960000+02:00,2024-05-30,30,5,2024,4,Thursday,1,29
1320,22.0,0.4,2024-05-30T06:00:00.000+02:00,2024-05-30T05:38:00.000+02:00,2024-05-30 05:38:00+02:00,30,5,2024,5,38,05:38,4,Thursday,2024-05-30 06:00:00+02:00,30,5,2024,6,0,06:00,4,Thursday,2024-05-29 05:38:00+02:00,2024-05-29,29,5,2024,3,Wednesday,1,28
2118,35.0,0.6,2024-05-30T02:26:37.006+02:00,2024-05-30T01:51:18.581+02:00,2024-05-30 01:51:18.581000+02:00,30,5,2024,1,51,01:51,4,Thursday,2024-05-30 02:26:37.006000+02:00,30,5,2024,2,26,02:26,4,Thursday,2024-05-29 01:51:18.581000+02:00,2024-05-29,29,5,2024,3,Wednesday,1,28
6551,109.0,1.8,2024-05-30T01:19:12.904+02:00,2024-05-29T23:30:01.475+02:00,2024-05-29 23:30:01.475000+02:00,29,5,2024,23,30,23:30,3,Wednesday,2024-05-30 01:19:12.904000+02:00,30,5,2024,1,19,01:19,4,Thursday,2024-05-29 23:30:01.475000+02:00,2024-05-29,29,5,2024,3,Wednesday,1,29
4420,74.0,1.2,2024-05-29T22:50:37.830+02:00,2024-05-29T21:36:57.045+02:00,2024-05-29 21:36:57.045000+02:00,29,5,2024,21,36,21:36,3,Wednesday,2024-05-29 22:50:37.830000+02:00,29,5,2024,22,50,22:50,3,Wednesday,2024-05-29 21:36:57.045000+02:00,2024-05-29,29,5,2024,3,Wednesday,1,28
5531,92.0,1.5,2024-05-29T04:18:29.867+02:00,2024-05-29T02:46:18.588+02:00,2024-05-29 02:46:18.588000+02:00,29,5,2024,2,46,02:46,3,Wednesday,2024-05-29 04:18:29.867000+02:00,29,5,2024,4,18,04:18,3,Wednesday,2024-05-28 02:46:18.588000+02:00,2024-05-28,28,5,2024,2,Tuesday,1,27
2220,37.0,0.6,2024-05-29T01:52:34.975+02:00,2024-05-29T01:15:34.869+02:00,2024-05-29 01:15:34.869000+02:00,29,5,2024,1,15,01:15,3,Wednesday,2024-05-29 01:52:34.975000+02:00,29,5,2024,1,52,01:52,3,Wednesday,2024-05-28 01:15:34.869000+02:00,2024-05-28,28,5,2024,2,Tuesday,1,27
5833,97.0,1.6,2024-05-29T00:35:13.220+02:00,2024-05-28T22:57:59.294+02:00,2024-05-28 22:57:59.294000+02:00,28,5,2024,22,57,22:57,2,Tuesday,2024-05-29 00:35:13.220000+02:00,29,5,2024,0,35,00:35,3,Wednesday,2024-05-28 22:57:59.294000+02:00,2024-05-28,28,5,2024,2,Tuesday,1,27
6398,107.0,1.8,2024-05-28T09:04:35.712+02:00,2024-05-28T07:17:57.005+02:00,2024-05-28 07:17:57.005000+02:00,28,5,2024,7,17,07:17,2,Tuesday,2024-05-28 09:04:35.712000+02:00,28,5,2024,9,4,09:04,2,Tuesday,2024-05-27 07:17:57.005000+02:00,2024-05-27,27,5,2024,1,Monday,1,26
1865,31.0,0.5,2024-05-28T05:46:35.347+02:00,2024-05-28T05:15:29.724+02:00,2024-05-28 05:15:29.724000+02:00,28,5,2024,5,15,05:15,2,Tuesday,2024-05-28 05:46:35.347000+02:00,28,5,2024,5,46,05:46,2,Tuesday,2024-05-27 05:15:29.724000+02:00,2024-05-27,27,5,2024,1,Monday,1,26
6509,108.0,1.8,2024-05-28T02:41:31.687+02:00,2024-05-28T00:53:01.882+02:00,2024-05-28 00:53:01.882000+02:00,28,5,2024,0,53,00:53,2,Tuesday,2024-05-28 02:41:31.687000+02:00,28,5,2024,2,41,02:41,2,Tuesday,2024-05-27 00:53:01.882000+02:00,2024-05-27,27,5,2024,1,Monday,1,26
7999,133.0,2.2,2024-05-27T23:58:15.830+02:00,2024-05-27T21:44:56.657+02:00,2024-05-27 21:44:56.657000+02:00,27,5,2024,21,44,21:44,1,Monday,2024-05-27 23:58:15.830000+02:00,27,5,2024,23,58,23:58,1,Monday,2024-05-27 21:44:56.657000+02:00,2024-05-27,27,5,2024,1,Monday,1,26
1562,26.0,0.4,2024-05-27T05:43:43.529+02:00,2024-05-27T05:17:41.228+02:00,2024-05-27 05:17:41.228000+02:00,27,5,2024,5,17,05:17,1,Monday,2024-05-27 05:43:43.529000+02:00,27,5,2024,5,43,05:43,1,Monday,2024-05-26 05:17:41.228000+02:00,2024-05-26,26,5,2024,7,Sunday,1,25
2750,46.0,0.8,2024-05-27T04:34:29.445+02:00,2024-05-27T03:48:39.431+02:00,2024-05-27 03:48:39.431000+02:00,27,5,2024,3,48,03:48,1,Monday,2024-05-27 04:34:29.445000+02:00,27,5,2024,4,34,04:34,1,Monday,2024-05-26 03:48:39.431000+02:00,2024-05-26,26,5,2024,7,Sunday,1,25
8530,142.0,2.4,2024-05-27T03:12:59.701+02:00,2024-05-27T00:50:48.879+02:00,2024-05-27 00:50:48.879000+02:00,27,5,2024,0,50,00:50,1,Monday,2024-05-27 03:12:59.701000+02:00,27,5,2024,3,12,03:12,1,Monday,2024-05-26 00:50:48.879000+02:00,2024-05-26,26,5,2024,7,Sunday,1,25
7326,122.0,2.0,2024-05-27T00:09:23.672+02:00,2024-05-26T22:07:16.804+02:00,2024-05-26 22:07:16.804000+02:00,26,5,2024,22,7,22:07,7,Sunday,2024-05-27 00:09:23.672000+02:00,27,5,2024,0,9,00:09,1,Monday,2024-05-26 22:07:16.804000+02:00,2024-05-26,26,5,2024,7,Sunday,1,25
2300,38.0,0.6,2024-05-26T05:42:53.078+02:00,2024-05-26T05:04:32.777+02:00,2024-05-26 05:04:32.777000+02:00,26,5,2024,5,4,05:04,7,Sunday,2024-05-26 05:42:53.078000+02:00,26,5,2024,5,42,05:42,7,Sunday,2024-05-25 05:04:32.777000+02:00,2024-05-25,25,5,2024,6,Saturday,1,24
4539,76.0,1.3,2024-05-26T04:32:47.661+02:00,2024-05-26T03:17:08.064+02:00,2024-05-26 03:17:08.064000+02:00,26,5,2024,3,17,03:17,7,Sunday,2024-05-26 04:32:47.661000+02:00,26,5,2024,4,32,04:32,7,Sunday,2024-05-25 03:17:08.064000+02:00,2024-05-25,25,5,2024,6,Saturday,1,24
5123,85.0,1.4,2024-05-26T02:42:08.958+02:00,2024-05-26T01:16:45.109+02:00,2024-05-26 01:16:45.109000+02:00,26,5,2024,1,16,01:16,7,Sunday,2024-05-26 02:42:08.958000+02:00,26,5,2024,2,42,02:42,7,Sunday,2024-05-25 01:16:45.109000+02:00,2024-05-25,25,5,2024,6,Saturday,1,24
8460,141.0,2.4,2024-05-26T00:35:00.000+02:00,2024-05-25T22:14:00.000+02:00,2024-05-25 22:14:00+02:00,25,5,2024,22,14,22:14,6,Saturday,2024-05-26 00:35:00+02:00,26,5,2024,0,35,00:35,7,Sunday,2024-05-25 22:14:00+02:00,2024-05-25,25,5,2024,6,Saturday,1,24
3580,60.0,1.0,2024-05-25T08:12:52.834+02:00,2024-05-25T07:13:11.993+02:00,2024-05-25 07:13:11.993000+02:00,25,5,2024,7,13,07:13,6,Saturday,2024-05-25 08:12:52.834000+02:00,25,5,2024,8,12,08:12,6,Saturday,2024-05-24 07:13:11.993000+02:00,2024-05-24,24,5,2024,5,Friday,1,23
9052,151.0,2.5,2024-05-25T05:38:59.283+02:00,2024-05-25T03:08:06.565+02:00,2024-05-25 03:08:06.565000+02:00,25,5,2024,3,8,03:08,6,Saturday,2024-05-25 05:38:59.283000+02:00,25,5,2024,5,38,05:38,6,Saturday,2024-05-24 03:08:06.565000+02:00,2024-05-24,24,5,2024,5,Friday,1,23
14443,241.0,4.0,2024-05-25T02:17:55.751+02:00,2024-05-24T22:17:12.666+02:00,2024-05-24 22:17:12.666000+02:00,24,5,2024,22,17,22:17,5,Friday,2024-05-25 02:17:55.751000+02:00,25,5,2024,2,17,02:17,6,Saturday,2024-05-24 22:17:12.666000+02:00,2024-05-24,24,5,2024,5,Friday,1,23
2700,45.0,0.8,2024-05-24T04:45:00.000+02:00,2024-05-24T04:00:00.000+02:00,2024-05-24 04:00:00+02:00,24,5,2024,4,0,04:00,5,Friday,2024-05-24 04:45:00+02:00,24,5,2024,4,45,04:45,5,Friday,2024-05-23 04:00:00+02:00,2024-05-23,23,5,2024,4,Thursday,1,22
7688,128.0,2.1,2024-05-24T03:39:35.591+02:00,2024-05-24T01:31:27.566+02:00,2024-05-24 01:31:27.566000+02:00,24,5,2024,1,31,01:31,5,Friday,2024-05-24 03:39:35.591000+02:00,24,5,2024,3,39,03:39,5,Friday,2024-05-23 01:31:27.566000+02:00,2024-05-23,23,5,2024,4,Thursday,1,22
5512,92.0,1.5,2024-05-23T23:41:30.881+02:00,2024-05-23T22:09:38.528+02:00,2024-05-23 22:09:38.528000+02:00,23,5,2024,22,9,22:09,4,Thursday,2024-05-23 23:41:30.881000+02:00,23,5,2024,23,41,23:41,4,Thursday,2024-05-23 22:09:38.528000+02:00,2024-05-23,23,5,2024,4,Thursday,1,22
6750,112.0,1.9,2024-05-23T05:28:24.706+02:00,2024-05-23T03:35:54.206+02:00,2024-05-23 03:35:54.206000+02:00,23,5,2024,3,35,03:35,4,Thursday,2024-05-23 05:28:24.706000+02:00,23,5,2024,5,28,05:28,4,Thursday,2024-05-22 03:35:54.206000+02:00,2024-05-22,22,5,2024,3,Wednesday,1,21
6275,105.0,1.7,2024-05-23T03:03:55.791+02:00,2024-05-23T01:19:20.416+02:00,2024-05-23 01:19:20.416000+02:00,23,5,2024,1,19,01:19,4,Thursday,2024-05-23 03:03:55.791000+02:00,23,5,2024,3,3,03:03,4,Thursday,2024-05-22 01:19:20.416000+02:00,2024-05-22,22,5,2024,3,Wednesday,1,21
11608,193.0,3.2,2024-05-23T00:37:09.021+02:00,2024-05-22T21:23:40.783+02:00,2024-05-22 21:23:40.783000+02:00,22,5,2024,21,23,21:23,3,Wednesday,2024-05-23 00:37:09.021000+02:00,23,5,2024,0,37,00:37,4,Thursday,2024-05-22 21:23:40.783000+02:00,2024-05-22,22,5,2024,3,Wednesday,1,21
1412,24.0,0.4,2024-05-22T06:22:11.891+02:00,2024-05-22T05:58:39.415+02:00,2024-05-22 05:58:39.415000+02:00,22,5,2024,5,58,05:58,3,Wednesday,2024-05-22 06:22:11.891000+02:00,22,5,2024,6,22,06:22,3,Wednesday,2024-05-21 05:58:39.415000+02:00,2024-05-21,21,5,2024,2,Tuesday,1,20
4119,69.0,1.1,2024-05-22T05:08:10.616+02:00,2024-05-22T03:59:30.856+02:00,2024-05-22 03:59:30.856000+02:00,22,5,2024,3,59,03:59,3,Wednesday,2024-05-22 05:08:10.616000+02:00,22,5,2024,5,8,05:08,3,Wednesday,2024-05-21 03:59:30.856000+02:00,2024-05-21,21,5,2024,2,Tuesday,1,20
7188,120.0,2.0,2024-05-22T02:40:20.231+02:00,2024-05-22T00:40:31.781+02:00,2024-05-22 00:40:31.781000+02:00,22,5,2024,0,40,00:40,3,Wednesday,2024-05-22 02:40:20.231000+02:00,22,5,2024,2,40,02:40,3,Wednesday,2024-05-21 00:40:31.781000+02:00,2024-05-21,21,5,2024,2,Tuesday,1,20
6838,114.0,1.9,2024-05-22T00:05:27.103+02:00,2024-05-21T22:11:28.844+02:00,2024-05-21 22:11:28.844000+02:00,21,5,2024,22,11,22:11,2,Tuesday,2024-05-22 00:05:27.103000+02:00,22,5,2024,0,5,00:05,3,Wednesday,2024-05-21 22:11:28.844000+02:00,2024-05-21,21,5,2024,2,Tuesday,1,20
1321,22.0,0.4,2024-05-21T05:19:30.019+02:00,2024-05-21T04:57:28.971+02:00,2024-05-21 04:57:28.971000+02:00,21,5,2024,4,57,04:57,2,Tuesday,2024-05-21 05:19:30.019000+02:00,21,5,2024,5,19,05:19,2,Tuesday,2024-05-20 04:57:28.971000+02:00,2024-05-20,20,5,2024,1,Monday,1,19
7344,122.0,2.0,2024-05-21T03:37:16.317+02:00,2024-05-21T01:34:52.131+02:00,2024-05-21 01:34:52.131000+02:00,21,5,2024,1,34,01:34,2,Tuesday,2024-05-21 03:37:16.317000+02:00,21,5,2024,3,37,03:37,2,Tuesday,2024-05-20 01:34:52.131000+02:00,2024-05-20,20,5,2024,1,Monday,1,19
2322,39.0,0.6,2024-05-21T01:02:23.622+02:00,2024-05-21T00:23:41.118+02:00,2024-05-21 00:23:41.118000+02:00,21,5,2024,0,23,00:23,2,Tuesday,2024-05-21 01:02:23.622000+02:00,21,5,2024,1,2,01:02,2,Tuesday,2024-05-20 00:23:41.118000+02:00,2024-05-20,20,5,2024,1,Monday,1,19
6619,110.0,1.8,2024-05-20T23:05:16.084+02:00,2024-05-20T21:14:56.470+02:00,2024-05-20 21:14:56.470000+02:00,20,5,2024,21,14,21:14,1,Monday,2024-05-20 23:05:16.084000+02:00,20,5,2024,23,5,23:05,1,Monday,2024-05-20 21:14:56.470000+02:00,2024-05-20,20,5,2024,1,Monday,1,19
1579,26.0,0.4,2024-05-20T05:57:03.302+02:00,2024-05-20T05:30:43.627+02:00,2024-05-20 05:30:43.627000+02:00,20,5,2024,5,30,05:30,1,Monday,2024-05-20 05:57:03.302000+02:00,20,5,2024,5,57,05:57,1,Monday,2024-05-19 05:30:43.627000+02:00,2024-05-19,19,5,2024,7,Sunday,1,18
5288,88.0,1.5,2024-05-20T02:53:48.493+02:00,2024-05-20T01:25:39.895+02:00,2024-05-20 01:25:39.895000+02:00,20,5,2024,1,25,01:25,1,Monday,2024-05-20 02:53:48.493000+02:00,20,5,2024,2,53,02:53,1,Monday,2024-05-19 01:25:39.895000+02:00,2024-05-19,19,5,2024,7,Sunday,1,18
5040,84.0,1.4,2024-05-20T00:45:00.000+02:00,2024-05-19T23:21:00.000+02:00,2024-05-19 23:21:00+02:00,19,5,2024,23,21,23:21,7,Sunday,2024-05-20 00:45:00+02:00,20,5,2024,0,45,00:45,1,Monday,2024-05-19 23:21:00+02:00,2024-05-19,19,5,2024,7,Sunday,1,18
5522,92.0,1.5,2024-05-19T22:45:40.775+02:00,2024-05-19T21:13:38.048+02:00,2024-05-19 21:13:38.048000+02:00,19,5,2024,21,13,21:13,7,Sunday,2024-05-19 22:45:40.775000+02:00,19,5,2024,22,45,22:45,7,Sunday,2024-05-19 21:13:38.048000+02:00,2024-05-19,19,5,2024,7,Sunday,1,18
863,14.0,0.2,2024-05-19T07:35:33.952+02:00,2024-05-19T07:21:10.327+02:00,2024-05-19 07:21:10.327000+02:00,19,5,2024,7,21,07:21,7,Sunday,2024-05-19 07:35:33.952000+02:00,19,5,2024,7,35,07:35,7,Sunday,2024-05-18 07:21:10.327000+02:00,2024-05-18,18,5,2024,6,Saturday,1,17
9276,155.0,2.6,2024-05-19T05:13:28.286+02:00,2024-05-19T02:38:52.267+02:00,2024-05-19 02:38:52.267000+02:00,19,5,2024,2,38,02:38,7,Sunday,2024-05-19 05:13:28.286000+02:00,19,5,2024,5,13,05:13,7,Sunday,2024-05-18 02:38:52.267000+02:00,2024-05-18,18,5,2024,6,Saturday,1,17
5039,84.0,1.4,2024-05-19T02:01:17.047+02:00,2024-05-19T00:37:17.081+02:00,2024-05-19 00:37:17.081000+02:00,19,5,2024,0,37,00:37,7,Sunday,2024-05-19 02:01:17.047000+02:00,19,5,2024,2,1,02:01,7,Sunday,2024-05-18 00:37:17.081000+02:00,2024-05-18,18,5,2024,6,Saturday,1,17
6670,111.0,1.9,2024-05-18T23:26:36.236+02:00,2024-05-18T21:35:25.388+02:00,2024-05-18 21:35:25.388000+02:00,18,5,2024,21,35,21:35,6,Saturday,2024-05-18 23:26:36.236000+02:00,18,5,2024,23,26,23:26,6,Saturday,2024-05-18 21:35:25.388000+02:00,2024-05-18,18,5,2024,6,Saturday,1,17
8085,135.0,2.2,2024-05-18T05:46:09.140+02:00,2024-05-18T03:31:23.392+02:00,2024-05-18 03:31:23.392000+02:00,18,5,2024,3,31,03:31,6,Saturday,2024-05-18 05:46:09.140000+02:00,18,5,2024,5,46,05:46,6,Saturday,2024-05-17 03:31:23.392000+02:00,2024-05-17,17,5,2024,5,Friday,1,16
2078,35.0,0.6,2024-05-18T03:30:49.656+02:00,2024-05-18T02:56:11.449+02:00,2024-05-18 02:56:11.449000+02:00,18,5,2024,2,56,02:56,6,Saturday,2024-05-18 03:30:49.656000+02:00,18,5,2024,3,30,03:30,6,Saturday,2024-05-17 02:56:11.449000+02:00,2024-05-17,17,5,2024,5,Friday,1,16
5359,89.0,1.5,2024-05-18T02:21:25.673+02:00,2024-05-18T00:52:06.187+02:00,2024-05-18 00:52:06.187000+02:00,18,5,2024,0,52,00:52,6,Saturday,2024-05-18 02:21:25.673000+02:00,18,5,2024,2,21,02:21,6,Saturday,2024-05-17 00:52:06.187000+02:00,2024-05-17,17,5,2024,5,Friday,1,16
5234,87.0,1.5,2024-05-17T23:38:19.234+02:00,2024-05-17T22:11:04.650+02:00,2024-05-17 22:11:04.650000+02:00,17,5,2024,22,11,22:11,5,Friday,2024-05-17 23:38:19.234000+02:00,17,5,2024,23,38,23:38,5,Friday,2024-05-17 22:11:04.650000+02:00,2024-05-17,17,5,2024,5,Friday,1,16
1120,19.0,0.3,2024-05-17T05:03:17.980+02:00,2024-05-17T04:44:37.173+02:00,2024-05-17 04:44:37.173000+02:00,17,5,2024,4,44,04:44,5,Friday,2024-05-17 05:03:17.980000+02:00,17,5,2024,5,3,05:03,5,Friday,2024-05-16 04:44:37.173000+02:00,2024-05-16,16,5,2024,4,Thursday,1,15
2055,34.0,0.6,2024-05-17T04:01:36.210+02:00,2024-05-17T03:27:20.735+02:00,2024-05-17 03:27:20.735000+02:00,17,5,2024,3,27,03:27,5,Friday,2024-05-17 04:01:36.210000+02:00,17,5,2024,4,1,04:01,5,Friday,2024-05-16 03:27:20.735000+02:00,2024-05-16,16,5,2024,4,Thursday,1,15
8183,136.0,2.3,2024-05-17T02:34:24.136+02:00,2024-05-17T00:18:00.142+02:00,2024-05-17 00:18:00.142000+02:00,17,5,2024,0,18,00:18,5,Friday,2024-05-17 02:34:24.136000+02:00,17,5,2024,2,34,02:34,5,Friday,2024-05-16 00:18:00.142000+02:00,2024-05-16,16,5,2024,4,Thursday,1,15
6194,103.0,1.7,2024-05-16T23:40:04.729+02:00,2024-05-16T21:56:50.249+02:00,2024-05-16 21:56:50.249000+02:00,16,5,2024,21,56,21:56,4,Thursday,2024-05-16 23:40:04.729000+02:00,16,5,2024,23,40,23:40,4,Thursday,2024-05-16 21:56:50.249000+02:00,2024-05-16,16,5,2024,4,Thursday,1,15
2504,42.0,0.7,2024-05-16T07:21:02.731+02:00,2024-05-16T06:39:18.055+02:00,2024-05-16 06:39:18.055000+02:00,16,5,2024,6,39,06:39,4,Thursday,2024-05-16 07:21:02.731000+02:00,16,5,2024,7,21,07:21,4,Thursday,2024-05-15 06:39:18.055000+02:00,2024-05-15,15,5,2024,3,Wednesday,1,14
6675,111.0,1.9,2024-05-16T04:48:01.800+02:00,2024-05-16T02:56:45.967+02:00,2024-05-16 02:56:45.967000+02:00,16,5,2024,2,56,02:56,4,Thursday,2024-05-16 04:48:01.800000+02:00,16,5,2024,4,48,04:48,4,Thursday,2024-05-15 02:56:45.967000+02:00,2024-05-15,15,5,2024,3,Wednesday,1,14
6102,102.0,1.7,2024-05-16T02:12:39.525+02:00,2024-05-16T00:30:56.816+02:00,2024-05-16 00:30:56.816000+02:00,16,5,2024,0,30,00:30,4,Thursday,2024-05-16 02:12:39.525000+02:00,16,5,2024,2,12,02:12,4,Thursday,2024-05-15 00:30:56.816000+02:00,2024-05-15,15,5,2024,3,Wednesday,1,14
7398,123.0,2.1,2024-05-15T23:52:58.688+02:00,2024-05-15T21:49:40.104+02:00,2024-05-15 21:49:40.104000+02:00,15,5,2024,21,49,21:49,3,Wednesday,2024-05-15 23:52:58.688000+02:00,15,5,2024,23,52,23:52,3,Wednesday,2024-05-15 21:49:40.104000+02:00,2024-05-15,15,5,2024,3,Wednesday,1,14
1800,30.0,0.5,2024-05-15T08:00:00.000+02:00,2024-05-15T07:30:00.000+02:00,2024-05-15 07:30:00+02:00,15,5,2024,7,30,07:30,3,Wednesday,2024-05-15 08:00:00+02:00,15,5,2024,8,0,08:00,3,Wednesday,2024-05-14 07:30:00+02:00,2024-05-14,14,5,2024,2,Tuesday,1,13
6300,105.0,1.8,2024-05-15T06:56:39.514+02:00,2024-05-15T05:11:39.514+02:00,2024-05-15 05:11:39.514000+02:00,15,5,2024,5,11,05:11,3,Wednesday,2024-05-15 06:56:39.514000+02:00,15,5,2024,6,56,06:56,3,Wednesday,2024-05-14 05:11:39.514000+02:00,2024-05-14,14,5,2024,2,Tuesday,1,13
6135,102.0,1.7,2024-05-15T03:02:59.789+02:00,2024-05-15T01:20:44.645+02:00,2024-05-15 01:20:44.645000+02:00,15,5,2024,1,20,01:20,3,Wednesday,2024-05-15 03:02:59.789000+02:00,15,5,2024,3,2,03:02,3,Wednesday,2024-05-14 01:20:44.645000+02:00,2024-05-14,14,5,2024,2,Tuesday,1,13
10457,174.0,2.9,2024-05-15T00:14:49.850+02:00,2024-05-14T21:20:32.103+02:00,2024-05-14 21:20:32.103000+02:00,14,5,2024,21,20,21:20,2,Tuesday,2024-05-15 00:14:49.850000+02:00,15,5,2024,0,14,00:14,3,Wednesday,2024-05-14 21:20:32.103000+02:00,2024-05-14,14,5,2024,2,Tuesday,1,13
1048,17.0,0.3,2024-05-14T06:15:20.612+02:00,2024-05-14T05:57:52.091+02:00,2024-05-14 05:57:52.091000+02:00,14,5,2024,5,57,05:57,2,Tuesday,2024-05-14 06:15:20.612000+02:00,14,5,2024,6,15,06:15,2,Tuesday,2024-05-13 05:57:52.091000+02:00,2024-05-13,13,5,2024,1,Monday,1,12
2250,38.0,0.6,2024-05-14T05:21:20.046+02:00,2024-05-14T04:43:49.689+02:00,2024-05-14 04:43:49.689000+02:00,14,5,2024,4,43,04:43,2,Tuesday,2024-05-14 05:21:20.046000+02:00,14,5,2024,5,21,05:21,2,Tuesday,2024-05-13 04:43:49.689000+02:00,2024-05-13,13,5,2024,1,Monday,1,12
7558,126.0,2.1,2024-05-14T03:54:30.304+02:00,2024-05-14T01:48:31.609+02:00,2024-05-14 01:48:31.609000+02:00,14,5,2024,1,48,01:48,2,Tuesday,2024-05-14 03:54:30.304000+02:00,14,5,2024,3,54,03:54,2,Tuesday,2024-05-13 01:48:31.609000+02:00,2024-05-13,13,5,2024,1,Monday,1,12
10935,182.0,3.0,2024-05-14T00:48:22.994+02:00,2024-05-13T21:46:07.467+02:00,2024-05-13 21:46:07.467000+02:00,13,5,2024,21,46,21:46,1,Monday,2024-05-14 00:48:22.994000+02:00,14,5,2024,0,48,00:48,2,Tuesday,2024-05-13 21:46:07.467000+02:00,2024-05-13,13,5,2024,1,Monday,1,12
2261,38.0,0.6,2024-05-13T06:22:19.575+02:00,2024-05-13T05:44:38.279+02:00,2024-05-13 05:44:38.279000+02:00,13,5,2024,5,44,05:44,1,Monday,2024-05-13 06:22:19.575000+02:00,13,5,2024,6,22,06:22,1,Monday,2024-05-12 05:44:38.279000+02:00,2024-05-12,12,5,2024,7,Sunday,1,11
5611,94.0,1.6,2024-05-13T04:13:52.864+02:00,2024-05-13T02:40:21.451+02:00,2024-05-13 02:40:21.451000+02:00,13,5,2024,2,40,02:40,1,Monday,2024-05-13 04:13:52.864000+02:00,13,5,2024,4,13,04:13,1,Monday,2024-05-12 02:40:21.451000+02:00,2024-05-12,12,5,2024,7,Sunday,1,11
4860,81.0,1.4,2024-05-13T01:30:00.000+02:00,2024-05-13T00:09:00.000+02:00,2024-05-13 00:09:00+02:00,13,5,2024,0,9,00:09,1,Monday,2024-05-13 01:30:00+02:00,13,5,2024,1,30,01:30,1,Monday,2024-05-12 00:09:00+02:00,2024-05-12,12,5,2024,7,Sunday,1,11
5981,100.0,1.7,2024-05-12T22:59:49.128+02:00,2024-05-12T21:20:08.010+02:00,2024-05-12 21:20:08.010000+02:00,12,5,2024,21,20,21:20,7,Sunday,2024-05-12 22:59:49.128000+02:00,12,5,2024,22,59,22:59,7,Sunday,2024-05-12 21:20:08.010000+02:00,2024-05-12,12,5,2024,7,Sunday,1,11
1300,22.0,0.4,2024-05-12T08:18:03.378+02:00,2024-05-12T07:56:22.393+02:00,2024-05-12 07:56:22.393000+02:00,12,5,2024,7,56,07:56,7,Sunday,2024-05-12 08:18:03.378000+02:00,12,5,2024,8,18,08:18,7,Sunday,2024-05-11 07:56:22.393000+02:00,2024-05-11,11,5,2024,6,Saturday,1,10
454,8.0,0.1,2024-05-12T07:12:19.165+02:00,2024-05-12T07:04:44.273+02:00,2024-05-12 07:04:44.273000+02:00,12,5,2024,7,4,07:04,7,Sunday,2024-05-12 07:12:19.165000+02:00,12,5,2024,7,12,07:12,7,Sunday,2024-05-11 07:04:44.273000+02:00,2024-05-11,11,5,2024,6,Saturday,1,10
5650,94.0,1.6,2024-05-12T03:57:17.903+02:00,2024-05-12T02:23:07.262+02:00,2024-05-12 02:23:07.262000+02:00,12,5,2024,2,23,02:23,7,Sunday,2024-05-12 03:57:17.903000+02:00,12,5,2024,3,57,03:57,7,Sunday,2024-05-11 02:23:07.262000+02:00,2024-05-11,11,5,2024,6,Saturday,1,10
12998,217.0,3.6,2024-05-12T01:00:36.858+02:00,2024-05-11T21:23:58.486+02:00,2024-05-11 21:23:58.486000+02:00,11,5,2024,21,23,21:23,6,Saturday,2024-05-12 01:00:36.858000+02:00,12,5,2024,1,0,01:00,7,Sunday,2024-05-11 21:23:58.486000+02:00,2024-05-11,11,5,2024,6,Saturday,1,10
1902,32.0,0.5,2024-05-11T05:26:25.667+02:00,2024-05-11T04:54:42.699+02:00,2024-05-11 04:54:42.699000+02:00,11,5,2024,4,54,04:54,6,Saturday,2024-05-11 05:26:25.667000+02:00,11,5,2024,5,26,05:26,6,Saturday,2024-05-10 04:54:42.699000+02:00,2024-05-10,10,5,2024,5,Friday,1,9
6466,108.0,1.8,2024-05-11T04:04:10.142+02:00,2024-05-11T02:16:23.328+02:00,2024-05-11 02:16:23.328000+02:00,11,5,2024,2,16,02:16,6,Saturday,2024-05-11 04:04:10.142000+02:00,11,5,2024,4,4,04:04,6,Saturday,2024-05-10 02:16:23.328000+02:00,2024-05-10,10,5,2024,5,Friday,1,9
7285,121.0,2.0,2024-05-11T01:42:31.692+02:00,2024-05-10T23:41:06.442+02:00,2024-05-10 23:41:06.442000+02:00,10,5,2024,23,41,23:41,5,Friday,2024-05-11 01:42:31.692000+02:00,11,5,2024,1,42,01:42,6,Saturday,2024-05-10 23:41:06.442000+02:00,2024-05-10,10,5,2024,5,Friday,1,10
6570,110.0,1.8,2024-05-10T22:51:45.110+02:00,2024-05-10T21:02:14.862+02:00,2024-05-10 21:02:14.862000+02:00,10,5,2024,21,2,21:02,5,Friday,2024-05-10 22:51:45.110000+02:00,10,5,2024,22,51,22:51,5,Friday,2024-05-10 21:02:14.862000+02:00,2024-05-10,10,5,2024,5,Friday,1,9
1498,25.0,0.4,2024-05-10T05:51:59.946+02:00,2024-05-10T05:27:01.767+02:00,2024-05-10 05:27:01.767000+02:00,10,5,2024,5,27,05:27,5,Friday,2024-05-10 05:51:59.946000+02:00,10,5,2024,5,51,05:51,5,Friday,2024-05-09 05:27:01.767000+02:00,2024-05-09,9,5,2024,4,Thursday,1,8
5645,94.0,1.6,2024-05-10T04:47:51.514+02:00,2024-05-10T03:13:46.324+02:00,2024-05-10 03:13:46.324000+02:00,10,5,2024,3,13,03:13,5,Friday,2024-05-10 04:47:51.514000+02:00,10,5,2024,4,47,04:47,5,Friday,2024-05-09 03:13:46.324000+02:00,2024-05-09,9,5,2024,4,Thursday,1,8
7680,128.0,2.1,2024-05-10T02:00:00.000+02:00,2024-05-09T23:52:00.000+02:00,2024-05-09 23:52:00+02:00,9,5,2024,23,52,23:52,4,Thursday,2024-05-10 02:00:00+02:00,10,5,2024,2,0,02:00,5,Friday,2024-05-09 23:52:00+02:00,2024-05-09,9,5,2024,4,Thursday,1,9
4302,72.0,1.2,2024-05-09T23:10:27.322+02:00,2024-05-09T21:58:44.949+02:00,2024-05-09 21:58:44.949000+02:00,9,5,2024,21,58,21:58,4,Thursday,2024-05-09 23:10:27.322000+02:00,9,5,2024,23,10,23:10,4,Thursday,2024-05-09 21:58:44.949000+02:00,2024-05-09,9,5,2024,4,Thursday,1,8
4133,69.0,1.1,2024-05-09T07:33:36.455+02:00,2024-05-09T06:24:42.480+02:00,2024-05-09 06:24:42.480000+02:00,9,5,2024,6,24,06:24,4,Thursday,2024-05-09 07:33:36.455000+02:00,9,5,2024,7,33,07:33,4,Thursday,2024-05-08 06:24:42.480000+02:00,2024-05-08,8,5,2024,3,Wednesday,1,7
7210,120.0,2.0,2024-05-09T05:02:42.120+02:00,2024-05-09T03:02:31.839+02:00,2024-05-09 03:02:31.839000+02:00,9,5,2024,3,2,03:02,4,Thursday,2024-05-09 05:02:42.120000+02:00,9,5,2024,5,2,05:02,4,Thursday,2024-05-08 03:02:31.839000+02:00,2024-05-08,8,5,2024,3,Wednesday,1,7
9713,162.0,2.7,2024-05-09T02:30:37.986+02:00,2024-05-08T23:48:44.052+02:00,2024-05-08 23:48:44.052000+02:00,8,5,2024,23,48,23:48,3,Wednesday,2024-05-09 02:30:37.986000+02:00,9,5,2024,2,30,02:30,4,Thursday,2024-05-08 23:48:44.052000+02:00,2024-05-08,8,5,2024,3,Wednesday,1,8
6640,111.0,1.8,2024-05-08T23:01:37.681+02:00,2024-05-08T21:10:57.276+02:00,2024-05-08 21:10:57.276000+02:00,8,5,2024,21,10,21:10,3,Wednesday,2024-05-08 23:01:37.681000+02:00,8,5,2024,23,1,23:01,3,Wednesday,2024-05-08 21:10:57.276000+02:00,2024-05-08,8,5,2024,3,Wednesday,1,7
4438,74.0,1.2,2024-05-08T05:27:03.505+02:00,2024-05-08T04:13:05.346+02:00,2024-05-08 04:13:05.346000+02:00,8,5,2024,4,13,04:13,3,Wednesday,2024-05-08 05:27:03.505000+02:00,8,5,2024,5,27,05:27,3,Wednesday,2024-05-07 04:13:05.346000+02:00,2024-05-07,7,5,2024,2,Tuesday,1,6
3422,57.0,1.0,2024-05-08T03:42:45.663+02:00,2024-05-08T02:45:43.581+02:00,2024-05-08 02:45:43.581000+02:00,8,5,2024,2,45,02:45,3,Wednesday,2024-05-08 03:42:45.663000+02:00,8,5,2024,3,42,03:42,3,Wednesday,2024-05-07 02:45:43.581000+02:00,2024-05-07,7,5,2024,2,Tuesday,1,6
10680,178.0,3.0,2024-05-08T00:50:46.282+02:00,2024-05-07T21:52:45.888+02:00,2024-05-07 21:52:45.888000+02:00,7,5,2024,21,52,21:52,2,Tuesday,2024-05-08 00:50:46.282000+02:00,8,5,2024,0,50,00:50,3,Wednesday,2024-05-07 21:52:45.888000+02:00,2024-05-07,7,5,2024,2,Tuesday,1,6
1980,33.0,0.6,2024-05-07T06:33:00.000+02:00,2024-05-07T06:00:00.000+02:00,2024-05-07 06:00:00+02:00,7,5,2024,6,0,06:00,2,Tuesday,2024-05-07 06:33:00+02:00,7,5,2024,6,33,06:33,2,Tuesday,2024-05-06 06:00:00+02:00,2024-05-06,6,5,2024,1,Monday,1,5
5334,89.0,1.5,2024-05-07T05:25:18.141+02:00,2024-05-07T03:56:23.901+02:00,2024-05-07 03:56:23.901000+02:00,7,5,2024,3,56,03:56,2,Tuesday,2024-05-07 05:25:18.141000+02:00,7,5,2024,5,25,05:25,2,Tuesday,2024-05-06 03:56:23.901000+02:00,2024-05-06,6,5,2024,1,Monday,1,5
5135,86.0,1.4,2024-05-07T02:36:15.641+02:00,2024-05-07T01:10:39.820+02:00,2024-05-07 01:10:39.820000+02:00,7,5,2024,1,10,01:10,2,Tuesday,2024-05-07 02:36:15.641000+02:00,7,5,2024,2,36,02:36,2,Tuesday,2024-05-06 01:10:39.820000+02:00,2024-05-06,6,5,2024,1,Monday,1,5
8883,148.0,2.5,2024-05-07T00:20:48.785+02:00,2024-05-06T21:52:45.560+02:00,2024-05-06 21:52:45.560000+02:00,6,5,2024,21,52,21:52,1,Monday,2024-05-07 00:20:48.785000+02:00,7,5,2024,0,20,00:20,2,Tuesday,2024-05-06 21:52:45.560000+02:00,2024-05-06,6,5,2024,1,Monday,1,5
3888,65.0,1.1,2024-05-06T06:31:32.548+02:00,2024-05-06T05:26:44.104+02:00,2024-05-06 05:26:44.104000+02:00,6,5,2024,5,26,05:26,1,Monday,2024-05-06 06:31:32.548000+02:00,6,5,2024,6,31,06:31,1,Monday,2024-05-05 05:26:44.104000+02:00,2024-05-05,5,5,2024,7,Sunday,1,4
9519,159.0,2.6,2024-05-06T04:07:16.958+02:00,2024-05-06T01:28:37.954+02:00,2024-05-06 01:28:37.954000+02:00,6,5,2024,1,28,01:28,1,Monday,2024-05-06 04:07:16.958000+02:00,6,5,2024,4,7,04:07,1,Monday,2024-05-05 01:28:37.954000+02:00,2024-05-05,5,5,2024,7,Sunday,1,4
10920,182.0,3.0,2024-05-06T00:17:00.000+02:00,2024-05-05T21:15:00.000+02:00,2024-05-05 21:15:00+02:00,5,5,2024,21,15,21:15,7,Sunday,2024-05-06 00:17:00+02:00,6,5,2024,0,17,00:17,1,Monday,2024-05-05 21:15:00+02:00,2024-05-05,5,5,2024,7,Sunday,1,4
2901,48.0,0.8,2024-05-05T04:00:27.033+02:00,2024-05-05T03:12:05.447+02:00,2024-05-05 03:12:05.447000+02:00,5,5,2024,3,12,03:12,7,Sunday,2024-05-05 04:00:27.033000+02:00,5,5,2024,4,0,04:00,7,Sunday,2024-05-04 03:12:05.447000+02:00,2024-05-04,4,5,2024,6,Saturday,1,3
5501,92.0,1.5,2024-05-05T02:06:04.124+02:00,2024-05-05T00:34:22.760+02:00,2024-05-05 00:34:22.760000+02:00,5,5,2024,0,34,00:34,7,Sunday,2024-05-05 02:06:04.124000+02:00,5,5,2024,2,6,02:06,7,Sunday,2024-05-04 00:34:22.760000+02:00,2024-05-04,4,5,2024,6,Saturday,1,3
9180,153.0,2.6,2024-05-04T23:50:00.000+02:00,2024-05-04T21:17:00.000+02:00,2024-05-04 21:17:00+02:00,4,5,2024,21,17,21:17,6,Saturday,2024-05-04 23:50:00+02:00,4,5,2024,23,50,23:50,6,Saturday,2024-05-04 21:17:00+02:00,2024-05-04,4,5,2024,6,Saturday,1,3
2160,36.0,0.6,2024-05-04T07:00:02.068+02:00,2024-05-04T06:24:01.325+02:00,2024-05-04 06:24:01.325000+02:00,4,5,2024,6,24,06:24,6,Saturday,2024-05-04 07:00:02.068000+02:00,4,5,2024,7,0,07:00,6,Saturday,2024-05-03 06:24:01.325000+02:00,2024-05-03,3,5,2024,5,Friday,1,2
2338,39.0,0.6,2024-05-04T05:53:29.706+02:00,2024-05-04T05:14:30.939+02:00,2024-05-04 05:14:30.939000+02:00,4,5,2024,5,14,05:14,6,Saturday,2024-05-04 05:53:29.706000+02:00,4,5,2024,5,53,05:53,6,Saturday,2024-05-03 05:14:30.939000+02:00,2024-05-03,3,5,2024,5,Friday,1,2
8123,135.0,2.3,2024-05-04T03:48:58.846+02:00,2024-05-04T01:33:35.717+02:00,2024-05-04 01:33:35.717000+02:00,4,5,2024,1,33,01:33,6,Saturday,2024-05-04 03:48:58.846000+02:00,4,5,2024,3,48,03:48,6,Saturday,2024-05-03 01:33:35.717000+02:00,2024-05-03,3,5,2024,5,Friday,1,2
10350,172.0,2.9,2024-05-04T00:40:28.829+02:00,2024-05-03T21:47:58.474+02:00,2024-05-03 21:47:58.474000+02:00,3,5,2024,21,47,21:47,5,Friday,2024-05-04 00:40:28.829000+02:00,4,5,2024,0,40,00:40,6,Saturday,2024-05-03 21:47:58.474000+02:00,2024-05-03,3,5,2024,5,Friday,1,2
6014,100.0,1.7,2024-05-03T04:46:53.216+02:00,2024-05-03T03:06:38.733+02:00,2024-05-03 03:06:38.733000+02:00,3,5,2024,3,6,03:06,5,Friday,2024-05-03 04:46:53.216000+02:00,3,5,2024,4,46,04:46,5,Friday,2024-05-02 03:06:38.733000+02:00,2024-05-02,2,5,2024,4,Thursday,1,1
8986,150.0,2.5,2024-05-03T01:59:06.727+02:00,2024-05-02T23:29:20.214+02:00,2024-05-02 23:29:20.214000+02:00,2,5,2024,23,29,23:29,4,Thursday,2024-05-03 01:59:06.727000+02:00,3,5,2024,1,59,01:59,5,Friday,2024-05-02 23:29:20.214000+02:00,2024-05-02,2,5,2024,4,Thursday,1,1
7099,118.0,2.0,2024-05-02T22:32:10.026+02:00,2024-05-02T20:33:50.478+02:00,2024-05-02 20:33:50.478000+02:00,2,5,2024,20,33,20:33,4,Thursday,2024-05-02 22:32:10.026000+02:00,2,5,2024,22,32,22:32,4,Thursday,2024-05-02 20:33:50.478000+02:00,2024-05-02,2,5,2024,4,Thursday,1,1
1895,32.0,0.5,2024-05-02T06:15:50.230+02:00,2024-05-02T05:44:15.042+02:00,2024-05-02 05:44:15.042000+02:00,2,5,2024,5,44,05:44,4,Thursday,2024-05-02 06:15:50.230000+02:00,2,5,2024,6,15,06:15,4,Thursday,2024-05-01 05:44:15.042000+02:00,2024-05-01,1,5,2024,3,Wednesday,1,0
10216,170.0,2.8,2024-05-02T04:26:28.742+02:00,2024-05-02T01:36:12.653+02:00,2024-05-02 01:36:12.653000+02:00,2,5,2024,1,36,01:36,4,Thursday,2024-05-02 04:26:28.742000+02:00,2,5,2024,4,26,04:26,4,Thursday,2024-05-01 01:36:12.653000+02:00,2024-05-01,1,5,2024,3,Wednesday,1,0
11122,185.0,3.1,2024-05-02T00:29:16.386+02:00,2024-05-01T21:23:53.449+02:00,2024-05-01 21:23:53.449000+02:00,1,5,2024,21,23,21:23,3,Wednesday,2024-05-02 00:29:16.386000+02:00,2,5,2024,0,29,00:29,4,Thursday,2024-05-01 21:23:53.449000+02:00,2024-05-01,1,5,2024,3,Wednesday,1,0
3383,56.0,0.9,2024-05-01T05:20:47.610+02:00,2024-05-01T04:24:24.359+02:00,2024-05-01 04:24:24.359000+02:00,1,5,2024,4,24,04:24,3,Wednesday,2024-05-01 05:20:47.610000+02:00,1,5,2024,5,20,05:20,3,Wednesday,2024-04-30 04:24:24.359000+02:00,2024-04-30,30,4,2024,2,Tuesday,0,30
5136,86.0,1.4,2024-05-01T03:01:54.494+02:00,2024-05-01T01:36:17.873+02:00,2024-05-01 01:36:17.873000+02:00,1,5,2024,1,36,01:36,3,Wednesday,2024-05-01 03:01:54.494000+02:00,1,5,2024,3,1,03:01,3,Wednesday,2024-04-30 01:36:17.873000+02:00,2024-04-30,30,4,2024,2,Tuesday,0,30
4474,75.0,1.2,2024-05-01T00:46:48.384+02:00,2024-04-30T23:32:14.306+02:00,2024-04-30 23:32:14.306000+02:00,30,4,2024,23,32,23:32,2,Tuesday,2024-05-01 00:46:48.384000+02:00,1,5,2024,0,46,00:46,3,Wednesday,2024-04-30 23:32:14.306000+02:00,2024-04-30,30,4,2024,2,Tuesday,1,0
8521,142.0,2.4,2024-04-30T22:58:46.603+02:00,2024-04-30T20:36:44.667+02:00,2024-04-30 20:36:44.667000+02:00,30,4,2024,20,36,20:36,2,Tuesday,2024-04-30 22:58:46.603000+02:00,30,4,2024,22,58,22:58,2,Tuesday,2024-04-30 20:36:44.667000+02:00,2024-04-30,30,4,2024,2,Tuesday,0,30
4698,78.0,1.3,2024-04-30T04:20:10.264+02:00,2024-04-30T03:01:51.933+02:00,2024-04-30 03:01:51.933000+02:00,30,4,2024,3,1,03:01,2,Tuesday,2024-04-30 04:20:10.264000+02:00,30,4,2024,4,20,04:20,2,Tuesday,2024-04-29 03:01:51.933000+02:00,2024-04-29,29,4,2024,1,Monday,0,29
4377,73.0,1.2,2024-04-30T01:15:43.925+02:00,2024-04-30T00:02:46.632+02:00,2024-04-30 00:02:46.632000+02:00,30,4,2024,0,2,00:02,2,Tuesday,2024-04-30 01:15:43.925000+02:00,30,4,2024,1,15,01:15,2,Tuesday,2024-04-29 00:02:46.632000+02:00,2024-04-29,29,4,2024,1,Monday,0,29
7883,131.0,2.2,2024-04-29T22:55:11.986+02:00,2024-04-29T20:43:48.958+02:00,2024-04-29 20:43:48.958000+02:00,29,4,2024,20,43,20:43,1,Monday,2024-04-29 22:55:11.986000+02:00,29,4,2024,22,55,22:55,1,Monday,2024-04-29 20:43:48.958000+02:00,2024-04-29,29,4,2024,1,Monday,0,29
3828,64.0,1.1,2024-04-29T03:42:58.430+02:00,2024-04-29T02:39:09.925+02:00,2024-04-29 02:39:09.925000+02:00,29,4,2024,2,39,02:39,1,Monday,2024-04-29 03:42:58.430000+02:00,29,4,2024,3,42,03:42,1,Monday,2024-04-28 02:39:09.925000+02:00,2024-04-28,28,4,2024,7,Sunday,0,28
5412,90.0,1.5,2024-04-29T02:10:26.439+02:00,2024-04-29T00:40:13.866+02:00,2024-04-29 00:40:13.866000+02:00,29,4,2024,0,40,00:40,1,Monday,2024-04-29 02:10:26.439000+02:00,29,4,2024,2,10,02:10,1,Monday,2024-04-28 00:40:13.866000+02:00,2024-04-28,28,4,2024,7,Sunday,0,28
8760,146.0,2.4,2024-04-28T23:20:00.000+02:00,2024-04-28T20:54:00.000+02:00,2024-04-28 20:54:00+02:00,28,4,2024,20,54,20:54,7,Sunday,2024-04-28 23:20:00+02:00,28,4,2024,23,20,23:20,7,Sunday,2024-04-28 20:54:00+02:00,2024-04-28,28,4,2024,7,Sunday,0,28
2666,44.0,0.7,2024-04-28T03:47:42.766+02:00,2024-04-28T03:03:16.227+02:00,2024-04-28 03:03:16.227000+02:00,28,4,2024,3,3,03:03,7,Sunday,2024-04-28 03:47:42.766000+02:00,28,4,2024,3,47,03:47,7,Sunday,2024-04-27 03:03:16.227000+02:00,2024-04-27,27,4,2024,6,Saturday,0,27
6780,113.0,1.9,2024-04-28T02:12:00.000+02:00,2024-04-28T00:19:00.000+02:00,2024-04-28 00:19:00+02:00,28,4,2024,0,19,00:19,7,Sunday,2024-04-28 02:12:00+02:00,28,4,2024,2,12,02:12,7,Sunday,2024-04-27 00:19:00+02:00,2024-04-27,27,4,2024,6,Saturday,0,27
8095,135.0,2.2,2024-04-27T23:27:46.934+02:00,2024-04-27T21:12:51.106+02:00,2024-04-27 21:12:51.106000+02:00,27,4,2024,21,12,21:12,6,Saturday,2024-04-27 23:27:46.934000+02:00,27,4,2024,23,27,23:27,6,Saturday,2024-04-27 21:12:51.106000+02:00,2024-04-27,27,4,2024,6,Saturday,0,27
3100,52.0,0.9,2024-04-27T04:01:04.302+02:00,2024-04-27T03:09:24.207+02:00,2024-04-27 03:09:24.207000+02:00,27,4,2024,3,9,03:09,6,Saturday,2024-04-27 04:01:04.302000+02:00,27,4,2024,4,1,04:01,6,Saturday,2024-04-26 03:09:24.207000+02:00,2024-04-26,26,4,2024,5,Friday,0,26
6173,103.0,1.7,2024-04-27T01:59:56.592+02:00,2024-04-27T00:17:03.445+02:00,2024-04-27 00:17:03.445000+02:00,27,4,2024,0,17,00:17,6,Saturday,2024-04-27 01:59:56.592000+02:00,27,4,2024,1,59,01:59,6,Saturday,2024-04-26 00:17:03.445000+02:00,2024-04-26,26,4,2024,5,Friday,0,26
6127,102.0,1.7,2024-04-26T23:39:24.762+02:00,2024-04-26T21:57:16.881+02:00,2024-04-26 21:57:16.881000+02:00,26,4,2024,21,57,21:57,5,Friday,2024-04-26 23:39:24.762000+02:00,26,4,2024,23,39,23:39,5,Friday,2024-04-26 21:57:16.881000+02:00,2024-04-26,26,4,2024,5,Friday,0,26
2121,35.0,0.6,2024-04-26T04:54:15.678+02:00,2024-04-26T04:18:53.795+02:00,2024-04-26 04:18:53.795000+02:00,26,4,2024,4,18,04:18,5,Friday,2024-04-26 04:54:15.678000+02:00,26,4,2024,4,54,04:54,5,Friday,2024-04-25 04:18:53.795000+02:00,2024-04-25,25,4,2024,4,Thursday,0,25
6583,110.0,1.8,2024-04-26T03:07:35.930+02:00,2024-04-26T01:17:52.372+02:00,2024-04-26 01:17:52.372000+02:00,26,4,2024,1,17,01:17,5,Friday,2024-04-26 03:07:35.930000+02:00,26,4,2024,3,7,03:07,5,Friday,2024-04-25 01:17:52.372000+02:00,2024-04-25,25,4,2024,4,Thursday,0,25
7947,132.0,2.2,2024-04-26T00:21:55.947+02:00,2024-04-25T22:09:28.919+02:00,2024-04-25 22:09:28.919000+02:00,25,4,2024,22,9,22:09,4,Thursday,2024-04-26 00:21:55.947000+02:00,26,4,2024,0,21,00:21,5,Friday,2024-04-25 22:09:28.919000+02:00,2024-04-25,25,4,2024,4,Thursday,0,25
2665,44.0,0.7,2024-04-25T04:26:12.345+02:00,2024-04-25T03:41:47.153+02:00,2024-04-25 03:41:47.153000+02:00,25,4,2024,3,41,03:41,4,Thursday,2024-04-25 04:26:12.345000+02:00,25,4,2024,4,26,04:26,4,Thursday,2024-04-24 03:41:47.153000+02:00,2024-04-24,24,4,2024,3,Wednesday,0,24
8388,140.0,2.3,2024-04-25T02:20:55.598+02:00,2024-04-25T00:01:07.400+02:00,2024-04-25 00:01:07.400000+02:00,25,4,2024,0,1,00:01,4,Thursday,2024-04-25 02:20:55.598000+02:00,25,4,2024,2,20,02:20,4,Thursday,2024-04-24 00:01:07.400000+02:00,2024-04-24,24,4,2024,3,Wednesday,0,24
4541,76.0,1.3,2024-04-25T00:00:12.226+02:00,2024-04-24T22:44:30.473+02:00,2024-04-24 22:44:30.473000+02:00,24,4,2024,22,44,22:44,3,Wednesday,2024-04-25 00:00:12.226000+02:00,25,4,2024,0,0,00:00,4,Thursday,2024-04-24 22:44:30.473000+02:00,2024-04-24,24,4,2024,3,Wednesday,0,24
2547,42.0,0.7,2024-04-24T22:09:39.248+02:00,2024-04-24T21:27:11.967+02:00,2024-04-24 21:27:11.967000+02:00,24,4,2024,21,27,21:27,3,Wednesday,2024-04-24 22:09:39.248000+02:00,24,4,2024,22,9,22:09,3,Wednesday,2024-04-24 21:27:11.967000+02:00,2024-04-24,24,4,2024,3,Wednesday,0,24
4282,71.0,1.2,2024-04-24T18:51:27.836+02:00,2024-04-24T17:40:05.403+02:00,2024-04-24 17:40:05.403000+02:00,24,4,2024,17,40,17:40,3,Wednesday,2024-04-24 18:51:27.836000+02:00,24,4,2024,18,51,18:51,3,Wednesday,2024-04-24 17:40:05.403000+02:00,2024-04-24,24,4,2024,3,Wednesday,0,24
1104,18.0,0.3,2024-04-24T08:07:40.730+02:00,2024-04-24T07:49:15.851+02:00,2024-04-24 07:49:15.851000+02:00,24,4,2024,7,49,07:49,3,Wednesday,2024-04-24 08:07:40.730000+02:00,24,4,2024,8,7,08:07,3,Wednesday,2024-04-23 07:49:15.851000+02:00,2024-04-23,23,4,2024,2,Tuesday,0,23
3436,57.0,1.0,2024-04-24T05:42:15.458+02:00,2024-04-24T04:44:59.366+02:00,2024-04-24 04:44:59.366000+02:00,24,4,2024,4,44,04:44,3,Wednesday,2024-04-24 05:42:15.458000+02:00,24,4,2024,5,42,05:42,3,Wednesday,2024-04-23 04:44:59.366000+02:00,2024-04-23,23,4,2024,2,Tuesday,0,23
4964,83.0,1.4,2024-04-24T02:44:30.613+02:00,2024-04-24T01:21:46.323+02:00,2024-04-24 01:21:46.323000+02:00,24,4,2024,1,21,01:21,3,Wednesday,2024-04-24 02:44:30.613000+02:00,24,4,2024,2,44,02:44,3,Wednesday,2024-04-23 01:21:46.323000+02:00,2024-04-23,23,4,2024,2,Tuesday,0,23
7356,123.0,2.0,2024-04-23T23:53:51.368+02:00,2024-04-23T21:51:14.405+02:00,2024-04-23 21:51:14.405000+02:00,23,4,2024,21,51,21:51,2,Tuesday,2024-04-23 23:53:51.368000+02:00,23,4,2024,23,53,23:53,2,Tuesday,2024-04-23 21:51:14.405000+02:00,2024-04-23,23,4,2024,2,Tuesday,0,23
2489,41.0,0.7,2024-04-23T06:55:42.766+02:00,2024-04-23T06:14:12.793+02:00,2024-04-23 06:14:12.793000+02:00,23,4,2024,6,14,06:14,2,Tuesday,2024-04-23 06:55:42.766000+02:00,23,4,2024,6,55,06:55,2,Tuesday,2024-04-22 06:14:12.793000+02:00,2024-04-22,22,4,2024,1,Monday,0,22
592,10.0,0.2,2024-04-23T05:39:12.181+02:00,2024-04-23T05:29:19.253+02:00,2024-04-23 05:29:19.253000+02:00,23,4,2024,5,29,05:29,2,Tuesday,2024-04-23 05:39:12.181000+02:00,23,4,2024,5,39,05:39,2,Tuesday,2024-04-22 05:29:19.253000+02:00,2024-04-22,22,4,2024,1,Monday,0,22
2315,39.0,0.6,2024-04-23T04:18:38.266+02:00,2024-04-23T03:40:02.766+02:00,2024-04-23 03:40:02.766000+02:00,23,4,2024,3,40,03:40,2,Tuesday,2024-04-23 04:18:38.266000+02:00,23,4,2024,4,18,04:18,2,Tuesday,2024-04-22 03:40:02.766000+02:00,2024-04-22,22,4,2024,1,Monday,0,22
5976,100.0,1.7,2024-04-23T02:38:38.031+02:00,2024-04-23T00:59:01.315+02:00,2024-04-23 00:59:01.315000+02:00,23,4,2024,0,59,00:59,2,Tuesday,2024-04-23 02:38:38.031000+02:00,23,4,2024,2,38,02:38,2,Tuesday,2024-04-22 00:59:01.315000+02:00,2024-04-22,22,4,2024,1,Monday,0,22
7556,126.0,2.1,2024-04-23T00:05:42.369+02:00,2024-04-22T21:59:45.558+02:00,2024-04-22 21:59:45.558000+02:00,22,4,2024,21,59,21:59,1,Monday,2024-04-23 00:05:42.369000+02:00,23,4,2024,0,5,00:05,2,Tuesday,2024-04-22 21:59:45.558000+02:00,2024-04-22,22,4,2024,1,Monday,0,22
7460,124.0,2.1,2024-04-22T04:48:38.386+02:00,2024-04-22T02:44:18.281+02:00,2024-04-22 02:44:18.281000+02:00,22,4,2024,2,44,02:44,1,Monday,2024-04-22 04:48:38.386000+02:00,22,4,2024,4,48,04:48,1,Monday,2024-04-21 02:44:18.281000+02:00,2024-04-21,21,4,2024,7,Sunday,0,21
11153,186.0,3.1,2024-04-22T01:51:24.433+02:00,2024-04-21T22:45:31.374+02:00,2024-04-21 22:45:31.374000+02:00,21,4,2024,22,45,22:45,7,Sunday,2024-04-22 01:51:24.433000+02:00,22,4,2024,1,51,01:51,1,Monday,2024-04-21 22:45:31.374000+02:00,2024-04-21,21,4,2024,7,Sunday,0,21
3870,64.0,1.1,2024-04-21T06:15:03.367+02:00,2024-04-21T05:10:33.174+02:00,2024-04-21 05:10:33.174000+02:00,21,4,2024,5,10,05:10,7,Sunday,2024-04-21 06:15:03.367000+02:00,21,4,2024,6,15,06:15,7,Sunday,2024-04-20 05:10:33.174000+02:00,2024-04-20,20,4,2024,6,Saturday,0,20
5550,92.0,1.5,2024-04-21T02:46:31.408+02:00,2024-04-21T01:14:01.021+02:00,2024-04-21 01:14:01.021000+02:00,21,4,2024,1,14,01:14,7,Sunday,2024-04-21 02:46:31.408000+02:00,21,4,2024,2,46,02:46,7,Sunday,2024-04-20 01:14:01.021000+02:00,2024-04-20,20,4,2024,6,Saturday,0,20
11160,186.0,3.1,2024-04-21T00:12:00.000+02:00,2024-04-20T21:06:00.000+02:00,2024-04-20 21:06:00+02:00,20,4,2024,21,6,21:06,6,Saturday,2024-04-21 00:12:00+02:00,21,4,2024,0,12,00:12,7,Sunday,2024-04-20 21:06:00+02:00,2024-04-20,20,4,2024,6,Saturday,0,20
